id,first_name,last_name,email,gender,ip_address
1,Ken,Antosch,kantosch0@hexun.com,Male,52.252.16.88
2,Rollie,Kaindl,rkaindl1@epa.gov,Male,25.203.194.143
3,Marissa,Blaszkiewicz,mblaszkiewicz2@nps.gov,Female,226.26.201.153
4,Fonsie,Imesson,fimesson3@shareasale.com,Male,84.146.37.237
5,Mart,Prestige,mprestige4@tripod.com,Male,75.110.88.185
6,Ofilia,Puttock,oputtock5@google.com,Female,93.176.176.57
7,Cissy,Rawes,crawes6@hibu.com,Genderqueer,202.252.90.80
8,Sydney,Pren,spren7@addtoany.com,Male,202.74.177.64
9,Sybyl,Albrooke,salbrooke8@printfriendly.com,Female,104.27.139.163
10,Vinny,Ruthen,vruthen9@scientificamerican.com,Genderqueer,177.53.161.101
11,Diego,Magauran,dmagaurana@feedburner.com,Male,4.197.165.129
12,Sybila,McJarrow,smcjarrowb@shareasale.com,Female,13.55.145.29
13,Moise,Cockren,mcockrenc@npr.org,Male,58.96.76.45
14,Daniel,Barus,dbarusd@amazon.co.jp,Male,236.243.157.168
15,Diego,Rupprecht,drupprechte@disqus.com,Male,89.127.245.17
16,Allyce,Orsi,aorsif@plala.or.jp,Female,241.62.185.45
17,Audrie,Greenhough,agreenhoughg@squarespace.com,Female,47.112.65.116
18,Aldon,Parrin,aparrinh@guardian.co.uk,Genderfluid,167.216.76.167
19,Krystal,Otham,kothami@hao123.com,Female,158.82.17.71
20,Vere,Drewery,vdreweryj@prnewswire.com,Female,202.174.32.141
21,Hal,Gostall,hgostallk@t.co,Male,23.97.147.33
22,Isadora,Ander,ianderl@purevolume.com,Female,30.187.103.201
23,Nelia,Kubiczek,nkubiczekm@salon.com,Female,23.230.47.109
24,Horatio,Letten,hlettenn@ucoz.ru,Male,64.171.102.146
25,Peterus,Nathan,pnathano@facebook.com,Male,141.20.169.26
26,Nerte,Allington,nallingtonp@gnu.org,Female,151.222.155.146
27,Lorianna,Cauldwell,lcauldwellq@google.nl,Female,47.60.49.56
28,Ferdinanda,Tiner,ftinerr@hp.com,Bigender,206.197.54.88
29,Annie,Ploughwright,aploughwrights@hexun.com,Female,246.73.88.201
30,Kennett,Dinjes,kdinjest@com.com,Male,109.255.170.220
31,Ichabod,Lembrick,ilembricku@goo.ne.jp,Male,250.63.185.30
32,Allard,Selesnick,aselesnickv@woothemes.com,Male,174.222.185.137
33,Mikael,Matthisson,mmatthissonw@sourceforge.net,Male,159.133.96.136
34,Peyton,Darrow,pdarrowx@cargocollective.com,Male,213.238.194.70
35,Marty,Saill,msailly@nsw.gov.au,Female,8.32.104.226
36,Lyda,Hessle,lhesslez@devhub.com,Female,151.163.139.251
37,Zara,Brewis,zbrewis10@howstuffworks.com,Female,55.143.246.183
38,Melly,Gors,mgors11@scientificamerican.com,Female,77.247.77.197
39,Iosep,Izhak,iizhak12@mozilla.org,Male,215.31.58.20
40,Rosanna,Hansill,rhansill13@wp.com,Female,66.16.145.29
41,Travus,Dumsday,tdumsday14@pinterest.com,Male,61.35.163.67
42,Worden,Skeel,wskeel15@vk.com,Male,111.172.232.88
43,Galen,Trafford,gtrafford16@youtube.com,Male,75.179.38.59
44,Matty,Benbough,mbenbough17@geocities.com,Genderfluid,243.129.233.88
45,Lazare,Berka,lberka18@wordpress.com,Male,202.31.33.18
46,Catha,Stentiford,cstentiford19@arizona.edu,Female,210.149.202.232
47,Kesley,McDougald,kmcdougald1a@webnode.com,Female,156.38.219.221
48,Adams,Madoc-Jones,amadocjones1b@uiuc.edu,Male,189.16.230.59
49,Kendall,Beards,kbeards1c@gravatar.com,Male,219.163.123.63
50,Stacy,Bacop,sbacop1d@whitehouse.gov,Female,201.183.126.65
51,Birdie,Keveren,bkeveren1e@facebook.com,Female,201.188.185.186
52,Joanna,Domican,jdomican1f@hc360.com,Female,234.72.142.226
53,Reeba,Ickovicz,rickovicz1g@state.gov,Female,42.130.46.75
54,Reg,Rosle,rrosle1h@theglobeandmail.com,Male,62.248.72.1
55,Tabby,Lardeur,tlardeur1i@cnbc.com,Female,196.114.36.46
56,Selena,Clixby,sclixby1j@prnewswire.com,Female,130.201.162.105
57,Joli,Tubridy,jtubridy1k@networkadvertising.org,Female,5.67.230.49
58,Linc,Salasar,lsalasar1l@i2i.jp,Male,2.91.112.188
59,Patin,Dimeloe,pdimeloe1m@smh.com.au,Male,89.119.58.39
60,Gabrila,Veighey,gveighey1n@imgur.com,Female,201.116.31.17
61,Roxanna,Cahalan,rcahalan1o@gmpg.org,Female,126.129.240.106
62,Christy,Borgne,cborgne1p@tripod.com,Female,156.107.46.96
63,Lory,Haggard,lhaggard1q@adobe.com,Female,185.56.222.240
64,Dasie,Sole,dsole1r@mlb.com,Female,165.239.184.65
65,Stacia,Bonifas,sbonifas1s@themeforest.net,Female,255.106.219.62
66,Jacynth,Sallarie,jsallarie1t@bloglines.com,Female,31.138.5.218
67,Prince,Bernhardi,pbernhardi1u@redcross.org,Male,85.20.195.237
68,Perkin,Petters,ppetters1v@shinystat.com,Male,12.81.56.95
69,Xylina,Goshawke,xgoshawke1w@plala.or.jp,Female,147.77.149.223
70,Cassie,MacCroary,cmaccroary1x@cyberchimps.com,Male,155.123.40.246
71,Ephrayim,Sifleet,esifleet1y@senate.gov,Male,20.89.56.246
72,Gussie,Grafom,ggrafom1z@kickstarter.com,Female,15.145.44.251
73,Marlon,Adamsson,madamsson20@photobucket.com,Male,184.241.180.84
74,Yance,Choffin,ychoffin21@yahoo.co.jp,Male,218.238.20.44
75,Roley,Windybank,rwindybank22@stumbleupon.com,Male,127.32.212.170
76,Merrick,Vibert,mvibert23@auda.org.au,Male,86.253.213.212
77,Heidie,Wilce,hwilce24@accuweather.com,Female,37.41.39.123
78,Adrea,Sunners,asunners25@ucla.edu,Female,187.9.118.129
79,Blayne,Stayt,bstayt26@clickbank.net,Male,156.174.93.79
80,Virgilio,Cantor,vcantor27@oaic.gov.au,Male,168.93.5.149
81,Willyt,Talks,wtalks28@infoseek.co.jp,Female,138.224.82.163
82,Avram,Scrowby,ascrowby29@liveinternet.ru,Male,50.147.68.52
83,Mendie,Burchett,mburchett2a@ovh.net,Male,118.38.183.73
84,Alena,Hendrickx,ahendrickx2b@ocn.ne.jp,Female,250.162.132.232
85,Adan,Kemmons,akemmons2c@berkeley.edu,Male,21.176.83.190
86,Packston,Stiff,pstiff2d@scribd.com,Male,202.199.233.1
87,Nickey,Jewel,njewel2e@sakura.ne.jp,Male,188.107.119.137
88,Rice,Morten,rmorten2f@independent.co.uk,Male,221.188.204.74
89,Caro,Piniur,cpiniur2g@cbsnews.com,Female,85.45.81.138
90,Dannel,Vicarey,dvicarey2h@phpbb.com,Male,126.171.218.35
91,Diana,Renne,drenne2i@whitehouse.gov,Female,21.111.200.103
92,Gunar,Sabatier,gsabatier2j@pcworld.com,Male,210.199.156.245
93,Mathian,Proby,mproby2k@sfgate.com,Male,132.51.32.240
94,Renaldo,McCart,rmccart2l@baidu.com,Male,86.224.155.195
95,Harley,Ausello,hausello2m@ehow.com,Female,64.219.29.225
96,Brendan,Penton,bpenton2n@wired.com,Male,40.64.93.235
97,Lalo,Arkil,larkil2o@disqus.com,Male,219.243.249.24
98,Wilton,McGaugey,wmcgaugey2p@pcworld.com,Male,33.48.97.65
99,Bob,Key,bkey2q@google.ru,Male,14.83.237.54
100,Merlina,Janczyk,mjanczyk2r@liveinternet.ru,Female,197.34.153.179
