id,first_name,last_name,email,gender,ip_address
1,Mariana,Masse,mmasse0@sogou.com,Female,134.143.205.60
2,Yance,Peizer,ypeizer1@macromedia.com,Male,53.172.12.228
3,Sioux,Czadla,sczadla2@fotki.com,Female,170.184.112.70
4,Gram,O'Nolan,gonolan3@instagram.com,Male,16.51.1.225
5,Natty,Apfler,napfler4@washingtonpost.com,Female,22.250.65.179
6,Blaine,Hallaways,bhallaways5@123-reg.co.uk,Male,39.50.141.41
7,Lucais,Maps,lmaps6@washingtonpost.com,Male,116.93.141.142
8,Catlin,Ambroz,cambroz7@weather.com,Polygender,144.167.138.210
9,Natasha,Laudham,nlaudham8@people.com.cn,Female,132.149.124.224
10,Jessamyn,Crighton,jcrighton9@dailymotion.com,Female,188.121.151.182
11,Hestia,Dibbs,hdibbsa@plala.or.jp,Female,151.127.186.58
12,Dore,Culligan,dculliganb@meetup.com,Male,70.187.117.91
13,Court,Kingshott,ckingshottc@discovery.com,Genderqueer,120.254.191.68
14,Viv,Mildner,vmildnerd@bizjournals.com,Female,89.238.181.37
15,Mikael,Tales,mtalese@geocities.jp,Male,11.159.40.234
16,Ned,O'Siaghail,nosiaghailf@pinterest.com,Male,54.24.111.82
17,Langston,Hargraves,lhargravesg@weather.com,Male,243.218.22.109
18,Joya,Broe,jbroeh@google.co.jp,Female,137.65.133.231
19,Yvonne,Annetts,yannettsi@facebook.com,Polygender,117.253.3.5
20,Agace,Fluit,afluitj@ustream.tv,Female,85.148.205.109
21,Ralph,Roddick,rroddickk@eepurl.com,Male,191.249.52.37
22,Gretna,O'Caine,gocainel@accuweather.com,Female,45.112.26.177
23,Gwenneth,Kobpac,gkobpacm@cnet.com,Female,57.7.174.107
24,Deana,Ludvigsen,dludvigsenn@google.co.uk,Female,93.234.206.150
25,Elayne,Windrum,ewindrumo@digg.com,Female,238.33.5.188
26,Natty,Ridley,nridleyp@kickstarter.com,Female,142.46.177.68
27,Abe,Zannetti,azannettiq@cmu.edu,Male,49.190.235.50
28,Job,Quiddington,jquiddingtonr@hostgator.com,Male,82.100.47.240
29,Barb,Habron,bhabrons@blogtalkradio.com,Female,184.43.94.118
30,Flory,Finicj,ffinicjt@wikia.com,Male,47.157.254.44
31,Maddi,Rivelin,mrivelinu@example.com,Female,174.91.205.25
32,Natividad,Korejs,nkorejsv@ucla.edu,Female,38.9.249.165
33,Kristofor,Kitching,kkitchingw@eepurl.com,Male,200.89.222.62
34,Frederigo,Adamec,fadamecx@imdb.com,Male,139.97.89.241
35,Alvie,Sissot,asissoty@typepad.com,Male,248.209.58.185
36,Upton,Truett,utruettz@phpbb.com,Male,127.235.28.76
37,Nicole,Heers,nheers10@virginia.edu,Female,7.13.56.130
38,Ofelia,Arthur,oarthur11@sfgate.com,Genderqueer,212.215.107.195
39,Standford,Coom,scoom12@t.co,Male,230.7.78.140
40,Francklin,Aizlewood,faizlewood13@seesaa.net,Male,12.151.230.163
41,Amos,Kilty,akilty14@mediafire.com,Male,243.6.24.8
42,Rodolph,Haitlie,rhaitlie15@globo.com,Male,168.253.255.48
43,Bing,Nunnery,bnunnery16@squidoo.com,Male,28.159.80.188
44,Filmer,Gaddesby,fgaddesby17@biglobe.ne.jp,Male,80.195.53.112
45,Spense,Ingyon,singyon18@google.com.au,Male,197.162.220.203
46,Romeo,Cockerell,rcockerell19@twitpic.com,Agender,28.140.104.104
47,Dougy,Clemencon,dclemencon1a@bloglines.com,Male,125.30.173.179
48,Terence,Bernucci,tbernucci1b@businessweek.com,Male,148.160.73.83
49,Gibbie,Fidge,gfidge1c@soup.io,Male,72.195.32.176
50,Harcourt,Epperson,hepperson1d@zdnet.com,Male,51.247.9.176
51,Brod,Slessar,bslessar1e@mediafire.com,Male,226.237.253.21
52,Robena,Haskayne,rhaskayne1f@mashable.com,Female,47.255.148.6
53,Benita,Fylan,bfylan1g@feedburner.com,Female,99.23.83.101
54,Dennet,De la Barre,ddelabarre1h@ted.com,Male,157.163.97.136
55,Danya,McCarrell,dmccarrell1i@blogtalkradio.com,Female,165.4.151.143
56,Ara,Crippin,acrippin1j@parallels.com,Male,172.134.56.115
57,Rosaleen,Chrystal,rchrystal1k@gov.uk,Female,246.236.67.228
58,Nester,Swepson,nswepson1l@istockphoto.com,Male,231.213.83.29
59,Carroll,Thackwray,cthackwray1m@patch.com,Male,19.228.37.93
60,Mariellen,Terron,mterron1n@toplist.cz,Female,19.228.242.194
61,Carmina,Brandham,cbrandham1o@hibu.com,Female,111.209.179.113
62,Daisi,Leslie,dleslie1p@time.com,Female,69.237.14.255
63,Kylie,Franzonello,kfranzonello1q@smh.com.au,Polygender,62.194.175.39
64,Juana,Summerhayes,jsummerhayes1r@google.com.au,Agender,216.67.232.26
65,Godart,De Banke,gdebanke1s@rambler.ru,Male,165.133.127.53
66,Wyatt,Tolcharde,wtolcharde1t@fc2.com,Male,192.234.2.125
67,Honey,Allon,hallon1u@miitbeian.gov.cn,Female,228.110.100.153
68,Roxanne,Kleinlerer,rkleinlerer1v@nyu.edu,Female,108.107.125.110
69,Briano,Bertram,bbertram1w@comcast.net,Male,35.200.229.194
70,Amaleta,Croad,acroad1x@nature.com,Female,180.222.106.129
71,Findley,Atwood,fatwood1y@senate.gov,Male,139.121.170.86
72,Frederico,Perfitt,fperfitt1z@omniture.com,Male,111.171.4.249
73,Susan,Warder,swarder20@networkadvertising.org,Female,190.129.175.243
74,Donavon,Wehnerr,dwehnerr21@wufoo.com,Male,124.88.241.8
75,Jacobo,Gairdner,jgairdner22@people.com.cn,Male,108.231.202.155
76,Ignaz,Colston,icolston23@senate.gov,Male,157.244.48.69
77,Rosabella,Blakely,rblakely24@myspace.com,Female,0.8.229.169
78,Klement,Sherborne,ksherborne25@gnu.org,Agender,185.151.127.119
79,Lucina,Critoph,lcritoph26@wisc.edu,Genderqueer,35.40.26.122
80,Karrie,Dickey,kdickey27@weebly.com,Female,220.51.36.199
81,Celestyna,Bloxsum,cbloxsum28@google.com.hk,Female,15.238.227.76
82,Vanya,Sleigh,vsleigh29@edublogs.org,Female,219.183.66.188
83,Brigid,Venney,bvenney2a@mashable.com,Female,200.234.39.191
84,Dalenna,Garlette,dgarlette2b@blogger.com,Female,58.67.30.131
85,Lewes,Reston,lreston2c@naver.com,Male,76.178.208.92
86,Deerdre,Blick,dblick2d@imageshack.us,Female,66.196.253.244
87,Jeremias,Hollyard,jhollyard2e@google.pl,Agender,127.192.58.196
88,Osgood,Crumpe,ocrumpe2f@redcross.org,Male,47.209.61.117
89,Luise,Wolledge,lwolledge2g@howstuffworks.com,Female,174.213.213.77
90,Nathaniel,Hartfleet,nhartfleet2h@wordpress.org,Male,242.39.146.100
91,Benedikta,Pennells,bpennells2i@latimes.com,Female,150.23.137.192
92,Harwell,Packer,hpacker2j@jigsy.com,Male,88.91.1.102
93,Dell,Irnys,dirnys2k@ebay.com,Male,102.140.149.1
94,Alvera,Pitkeathley,apitkeathley2l@liveinternet.ru,Female,209.229.109.138
95,Kelby,Avon,kavon2m@simplemachines.org,Male,14.79.142.196
96,Meryl,Ludwig,mludwig2n@nba.com,Female,89.59.36.114
97,Alida,Ormistone,aormistone2o@businessweek.com,Female,35.167.131.70
98,Sharron,Thorndycraft,sthorndycraft2p@seattletimes.com,Female,151.41.118.169
99,Oberon,Aberkirdo,oaberkirdo2q@un.org,Male,76.98.65.152
100,Cliff,Sycamore,csycamore2r@ucoz.com,Male,114.242.122.12
101,Jacquelynn,Giannini,jgiannini2s@people.com.cn,Female,17.92.131.208
102,Antin,Thelwll,athelwll2t@opensource.org,Male,196.127.160.75
103,Erinn,Rapaport,erapaport2u@blogs.com,Female,122.167.77.91
104,Candra,Jenno,cjenno2v@bandcamp.com,Female,183.74.219.64
105,Adorne,Nucci,anucci2w@omniture.com,Female,164.144.33.103
106,Clotilda,Chillingworth,cchillingworth2x@scientificamerican.com,Female,255.93.184.86
107,Linnea,Fever,lfever2y@hao123.com,Female,8.89.231.202
108,Breena,Clothier,bclothier2z@hao123.com,Female,137.29.185.143
109,Katy,Farres,kfarres30@networkadvertising.org,Bigender,159.78.3.58
110,Jeromy,McClosh,jmcclosh31@hexun.com,Male,226.230.3.235
111,Andy,Hamblen,ahamblen32@freewebs.com,Male,255.139.155.152
112,Aloysia,Tift,atift33@mit.edu,Female,24.50.76.55
113,Seward,Rimington,srimington34@sfgate.com,Bigender,17.162.240.151
114,Bran,Showell,bshowell35@moonfruit.com,Bigender,133.238.125.126
115,Colver,Biss,cbiss36@spotify.com,Male,46.126.182.162
116,Jamesy,Chatres,jchatres37@virginia.edu,Male,125.160.187.26
117,Lonee,Rogez,lrogez38@smh.com.au,Female,180.133.204.98
118,Alfonso,Stut,astut39@ted.com,Male,253.146.136.51
119,Baxter,Challace,bchallace3a@cyberchimps.com,Male,19.19.67.64
120,Janek,Brace,jbrace3b@ucsd.edu,Male,80.243.215.246
