id,first_name,last_name,email,gender,ip_address
1,Lenette,Drohane,ldrohane0@comsenz.com,Female,157.192.232.160
2,Sapphira,O'Dee,sodee1@tinyurl.com,Female,146.137.26.231
3,Maxim,Oldknow,moldknow2@g.co,Male,166.167.143.233
4,Ruby,Pickerill,rpickerill3@mayoclinic.com,Male,227.217.80.194
5,Maddy,Hambatch,mhambatch4@vimeo.com,Male,232.230.195.78
6,Glenna,Nuemann,gnuemann5@wiley.com,Female,132.242.117.82
7,Bard,Schriren,bschriren6@w3.org,Genderfluid,216.48.18.150
8,Curry,Kinner,ckinner7@bbb.org,Male,7.109.219.70
9,Saree,Prescott,sprescott8@usnews.com,Female,232.229.3.168
10,Hy,Pawsey,hpawsey9@over-blog.com,Male,186.0.45.248
11,Aggie,Sedge,asedgea@tmall.com,Female,95.219.126.33
12,Thorn,McCrum,tmccrumb@blogs.com,Genderqueer,19.158.147.88
13,Ethan,Scutcheon,escutcheonc@icio.us,Male,121.45.60.26
14,Julina,Dunn,jdunnd@google.cn,Female,45.238.67.163
15,Symon,Crean,screane@icq.com,Male,171.198.120.84
16,Tammie,Ferryman,tferrymanf@nature.com,Male,186.155.252.176
17,Alvy,Eastridge,aeastridgeg@wp.com,Male,22.67.74.199
18,Susy,Lendon,slendonh@cocolog-nifty.com,Female,169.241.245.70
19,Christos,Leppo,cleppoi@squarespace.com,Male,170.154.210.105
20,Nettie,Pagen,npagenj@booking.com,Female,41.95.32.78
21,Stanley,Amer,samerk@tripod.com,Male,49.91.176.59
22,Alla,Dicker,adickerl@fda.gov,Female,112.244.153.41
23,Balduin,Batch,bbatchm@va.gov,Bigender,240.32.67.187
24,Gaynor,Rhead,grheadn@jalbum.net,Female,154.82.169.155
25,Reese,Penniall,rpenniallo@buzzfeed.com,Male,82.26.169.250
26,Morna,Chevins,mchevinsp@vk.com,Female,60.100.181.8
27,Editha,Halms,ehalmsq@friendfeed.com,Female,86.207.149.208
28,Benjie,Frapwell,bfrapwellr@seesaa.net,Male,38.12.81.145
29,Thalia,Pouton,tpoutons@1688.com,Female,59.207.98.13
30,Lee,Duffan,lduffant@mapy.cz,Female,230.172.243.25
31,Husain,Shakeshaft,hshakeshaftu@symantec.com,Genderqueer,248.53.180.115
32,Rutledge,Ingley,ringleyv@zdnet.com,Male,16.171.32.10
33,Nathalie,Tebbut,ntebbutw@spotify.com,Female,254.94.31.28
34,Clementine,Moulden,cmouldenx@reverbnation.com,Female,112.3.250.145
35,Tiertza,Genders,tgendersy@deliciousdays.com,Female,17.8.242.40
36,Arlin,Gravatt,agravattz@hc360.com,Male,102.161.171.102
37,Neila,Esley,nesley10@reuters.com,Female,25.118.25.244
38,Meaghan,Naire,mnaire11@spotify.com,Female,170.255.89.76
39,Trent,Brooker,tbrooker12@tamu.edu,Male,249.193.49.182
40,Doreen,Kirlin,dkirlin13@is.gd,Female,83.168.119.17
41,Herbert,Britney,hbritney14@usatoday.com,Male,236.8.156.44
42,Inigo,Scorton,iscorton15@aol.com,Male,82.25.247.91
43,Wainwright,Tring,wtring16@mac.com,Male,147.156.204.224
44,Van,Cosson,vcosson17@t-online.de,Male,250.129.25.15
45,Anatollo,Morgans,amorgans18@cocolog-nifty.com,Male,122.39.161.111
46,Rhodia,Ratter,rratter19@imgur.com,Female,117.247.22.163
47,Emmey,Clevely,eclevely1a@springer.com,Genderqueer,250.113.193.34
48,Cindi,Brodway,cbrodway1b@mapy.cz,Female,48.150.107.99
49,Annalise,Shuxsmith,ashuxsmith1c@stumbleupon.com,Non-binary,165.31.226.163
50,Dorelia,Parncutt,dparncutt1d@dot.gov,Female,164.62.142.115
51,Care,Morsley,cmorsley1e@house.gov,Male,54.152.113.179
52,Noach,Newick,nnewick1f@addthis.com,Male,245.165.21.32
53,Obed,Suttle,osuttle1g@loc.gov,Male,70.76.153.129
54,Brenden,Greatrakes,bgreatrakes1h@parallels.com,Male,39.209.184.139
55,Shell,Bannister,sbannister1i@yale.edu,Female,35.161.174.173
56,Consuelo,Brayne,cbrayne1j@seesaa.net,Female,17.65.218.116
57,Joaquin,Mattimoe,jmattimoe1k@cyberchimps.com,Non-binary,116.14.202.217
58,Felecia,Mazzilli,fmazzilli1l@ftc.gov,Female,221.73.4.73
59,Currie,Dykes,cdykes1m@usatoday.com,Male,250.225.39.35
60,Clemens,Scampion,cscampion1n@tiny.cc,Male,124.148.133.206
61,Nissa,Dimmock,ndimmock1o@nydailynews.com,Female,14.44.50.156
62,Charis,Millery,cmillery1p@feedburner.com,Female,27.188.163.87
63,Geraldine,Pennyman,gpennyman1q@yellowbook.com,Female,237.33.108.150
64,Si,Ellaman,sellaman1r@adobe.com,Male,250.77.76.36
65,Guntar,Hitzmann,ghitzmann1s@globo.com,Male,220.18.202.17
66,Darci,Reyner,dreyner1t@4shared.com,Female,186.212.39.157
67,Dur,Newbigging,dnewbigging1u@google.com.hk,Male,52.94.95.2
68,Hunter,Lerner,hlerner1v@youtube.com,Male,31.81.142.173
69,Thomasa,Graybeal,tgraybeal1w@amazon.co.jp,Female,223.218.167.25
70,Haley,Garrand,hgarrand1x@businesswire.com,Agender,34.190.15.85
71,Northrop,Turk,nturk1y@vk.com,Male,207.42.186.38
72,Jacob,Emmens,jemmens1z@cocolog-nifty.com,Male,104.155.230.224
73,Karisa,Gallichiccio,kgallichiccio20@wikipedia.org,Female,114.117.135.122
74,Donnell,Chesworth,dchesworth21@friendfeed.com,Male,156.44.13.169
75,Jeramie,Shaudfurth,jshaudfurth22@taobao.com,Male,91.7.92.139
76,Vicki,Hugli,vhugli23@npr.org,Female,247.94.225.43
77,Robinett,Cahalan,rcahalan24@slate.com,Female,31.54.170.245
78,Dewie,Blowers,dblowers25@ucsd.edu,Male,51.5.236.99
79,Tomlin,Sidebotham,tsidebotham26@huffingtonpost.com,Male,150.40.202.26
80,Tonia,Seddon,tseddon27@moonfruit.com,Female,129.31.53.121
81,Sephira,Dewberry,sdewberry28@prnewswire.com,Female,43.186.98.86
82,Tabbie,Brilleman,tbrilleman29@buzzfeed.com,Female,82.221.94.83
83,Lorrie,Marmyon,lmarmyon2a@nature.com,Female,48.141.48.32
84,Boyd,Woolstenholmes,bwoolstenholmes2b@ask.com,Male,146.21.17.108
85,Chelsae,Traske,ctraske2c@xrea.com,Agender,94.156.153.239
86,Luis,Dowda,ldowda2d@is.gd,Male,80.161.65.108
87,Amelia,Allum,aallum2e@admin.ch,Female,152.236.26.172
88,Margret,Kellogg,mkellogg2f@sun.com,Female,238.128.175.104
89,Julie,Cudiff,jcudiff2g@edublogs.org,Male,164.1.13.201
90,Edgardo,Dugmore,edugmore2h@house.gov,Male,169.54.243.9
91,Major,Ramsdale,mramsdale2i@flavors.me,Male,51.184.19.172
92,Arny,Morby,amorby2j@yandex.ru,Polygender,79.125.93.9
93,Fan,McInnery,fmcinnery2k@angelfire.com,Female,239.225.246.37
94,Garnet,Jeakins,gjeakins2l@unblog.fr,Female,136.14.176.19
95,Geraldine,Loomes,gloomes2m@shinystat.com,Female,70.7.88.67
96,Barth,Larcier,blarcier2n@shop-pro.jp,Male,166.24.213.220
97,Jeremy,Papez,jpapez2o@telegraph.co.uk,Male,254.66.233.36
98,Mathilda,Rogliero,mrogliero2p@tiny.cc,Female,133.198.98.28
99,Wren,Scurrer,wscurrer2q@nsw.gov.au,Genderqueer,117.232.189.114
100,Fifi,Dominique,fdominique2r@symantec.com,Female,127.209.234.45
101,Ashlee,Cran,acran2s@wix.com,Female,218.217.72.233
102,Livy,Fassman,lfassman2t@123-reg.co.uk,Female,239.123.51.213
103,Cale,Curling,ccurling2u@taobao.com,Male,38.224.251.201
104,Angeline,Grass,agrass2v@163.com,Female,4.155.109.79
105,Lon,Coucher,lcoucher2w@gmpg.org,Male,223.216.102.171
106,Agata,Didsbury,adidsbury2x@marriott.com,Female,229.243.3.252
107,Ginni,Whatmough,gwhatmough2y@tmall.com,Genderqueer,155.179.8.217
108,Mariel,Salter,msalter2z@newsvine.com,Female,202.135.95.202
109,Zia,Plimmer,zplimmer30@sohu.com,Female,246.181.41.73
110,Alfy,Bau,abau31@yahoo.com,Male,173.65.131.217
111,Sheffie,Kornalik,skornalik32@pbs.org,Genderqueer,208.55.169.154
112,Jarvis,Eakle,jeakle33@discovery.com,Male,159.136.216.39
113,Fields,Gounard,fgounard34@csmonitor.com,Male,5.47.131.243
114,Tiebold,Canario,tcanario35@oakley.com,Male,156.99.118.103
115,Angus,Folkes,afolkes36@google.it,Male,186.118.207.183
116,Orion,Gagen,ogagen37@drupal.org,Agender,157.147.30.247
117,Chadwick,Beare,cbeare38@gravatar.com,Male,139.0.240.16
118,Ewart,Kirkam,ekirkam39@ca.gov,Male,249.206.207.121
119,Daryl,McKelloch,dmckelloch3a@google.com.br,Female,186.50.213.111
120,Leo,Godney,lgodney3b@cnbc.com,Male,230.188.237.57
121,Maxim,Sclater,msclater3c@technorati.com,Polygender,172.215.42.169
122,Matti,Drepp,mdrepp3d@gnu.org,Genderqueer,0.42.151.92
123,Dusty,Braywood,dbraywood3e@netvibes.com,Female,172.110.213.249
124,Teriann,Hatterslay,thatterslay3f@businesswire.com,Female,86.8.255.110
125,Maudie,Ziemens,mziemens3g@unc.edu,Female,51.119.172.43
126,Terencio,Molfino,tmolfino3h@drupal.org,Male,202.160.44.215
127,Wini,Biggar,wbiggar3i@a8.net,Female,62.232.114.180
128,Lorant,Cominello,lcominello3j@alexa.com,Male,151.136.21.136
129,Shena,Cumberledge,scumberledge3k@xrea.com,Female,180.148.255.127
130,Becca,Planque,bplanque3l@diigo.com,Bigender,204.18.244.89
131,Genevra,Yarnell,gyarnell3m@nps.gov,Female,137.17.183.249
132,Almeria,Benmore,abenmore3n@state.gov,Female,139.178.166.4
133,Fanchette,Cainey,fcainey3o@myspace.com,Female,93.61.186.249
134,Thatch,Liles,tliles3p@google.ca,Male,108.88.172.132
135,Ofilia,Comins,ocomins3q@t-online.de,Female,206.150.47.118
136,Isak,Franzelini,ifranzelini3r@mapy.cz,Male,178.150.189.218
137,Kirbee,Vorley,kvorley3s@ucla.edu,Non-binary,41.173.10.44
138,Carolyne,Spick,cspick3t@about.com,Female,59.100.221.63
139,Elicia,Bernon,ebernon3u@moonfruit.com,Female,111.113.26.207
140,Eartha,Redon,eredon3v@google.pl,Female,185.28.47.12
141,Augy,Riddiough,ariddiough3w@rambler.ru,Male,161.155.160.64
142,Raymond,Wickes,rwickes3x@hc360.com,Male,157.138.130.98
143,Marcela,Gyppes,mgyppes3y@alexa.com,Female,189.93.121.224
144,Fredra,Dovington,fdovington3z@stumbleupon.com,Non-binary,251.233.202.22
145,Yul,Rennicks,yrennicks40@slideshare.net,Male,87.31.62.141
146,Royal,Imbrey,rimbrey41@amazon.co.uk,Male,65.166.227.223
147,Bordie,Zukerman,bzukerman42@eepurl.com,Male,37.131.27.111
148,Morry,Curzon,mcurzon43@google.ca,Male,102.105.60.157
149,Leontyne,Franck,lfranck44@dot.gov,Female,42.246.96.66
150,Maitilde,Bonnaire,mbonnaire45@dyndns.org,Female,29.78.36.218
151,Val,Spoerl,vspoerl46@goodreads.com,Male,98.176.37.203
152,Vernen,Jouannisson,vjouannisson47@symantec.com,Male,94.229.162.227
153,Sansone,Di Frisco,sdifrisco48@bbc.co.uk,Male,8.96.154.254
154,Kamilah,Olliar,kolliar49@w3.org,Female,36.81.200.223
155,Rutger,Jonah,rjonah4a@eventbrite.com,Bigender,5.213.155.63
156,Orelee,Slocumb,oslocumb4b@apache.org,Female,42.173.89.21
157,Katha,Duling,kduling4c@prnewswire.com,Female,139.101.87.47
158,Eugen,Heaney`,eheaney4d@blogs.com,Male,173.54.248.26
159,Peyter,Murney,pmurney4e@slashdot.org,Male,45.152.13.63
160,Arda,Fedoronko,afedoronko4f@g.co,Female,1.69.127.32
161,Willie,Grinnell,wgrinnell4g@nytimes.com,Female,137.247.159.95
162,Gerald,Possell,gpossell4h@bandcamp.com,Male,230.133.220.103
163,Reina,Ponceford,rponceford4i@theatlantic.com,Female,247.35.199.223
164,Oralia,Duinbleton,oduinbleton4j@instagram.com,Female,175.229.195.52
165,Daffie,Borleace,dborleace4k@51.la,Female,113.111.197.43
166,Maddy,Foskew,mfoskew4l@baidu.com,Bigender,70.116.243.232
167,Sebastien,Caze,scaze4m@bbc.co.uk,Male,238.93.188.250
168,Morgen,Klamman,mklamman4n@stanford.edu,Female,112.214.104.13
169,Augustine,Caskie,acaskie4o@nationalgeographic.com,Female,173.249.12.32
170,Florina,Beagan,fbeagan4p@noaa.gov,Genderfluid,71.7.253.214
171,Jill,Letch,jletch4q@state.tx.us,Female,179.94.189.146
172,Roseanna,Darree,rdarree4r@wiley.com,Female,38.243.136.168
173,Lyndsay,Hardison,lhardison4s@youtu.be,Female,238.167.249.26
174,Foss,Snary,fsnary4t@ning.com,Male,161.167.135.209
175,Luigi,Ville,lville4u@technorati.com,Male,94.23.236.98
176,Denney,Fanthome,dfanthome4v@businessinsider.com,Male,123.12.90.106
177,Shaine,Stamp,sstamp4w@kickstarter.com,Male,117.57.145.131
178,Koralle,Segrott,ksegrott4x@angelfire.com,Female,66.37.230.4
179,Broddie,Anthiftle,banthiftle4y@miibeian.gov.cn,Male,141.61.174.17
180,Izzy,Illiston,iilliston4z@tumblr.com,Male,160.253.140.168
181,Coraline,Kirkby,ckirkby50@blogger.com,Female,82.163.4.99
182,Aubrey,Keppel,akeppel51@behance.net,Female,142.65.164.15
183,Whitney,Okie,wokie52@hud.gov,Bigender,208.189.185.19
184,Farlee,Ellph,fellph53@imageshack.us,Male,28.231.60.107
185,Bobbette,Edelmann,bedelmann54@ca.gov,Female,21.216.140.90
186,Kirsteni,Bravington,kbravington55@google.cn,Female,228.138.252.66
187,Garvy,Scown,gscown56@multiply.com,Male,79.227.205.61
188,Moyra,Hawking,mhawking57@cdc.gov,Genderfluid,177.133.229.110
189,Chadwick,Tinker,ctinker58@geocities.jp,Male,115.38.104.150
190,Sibby,Goalley,sgoalley59@ucsd.edu,Female,169.220.189.3
191,Rufus,Pullin,rpullin5a@cornell.edu,Male,251.35.100.121
192,Duncan,Robertsen,drobertsen5b@businesswire.com,Male,47.72.30.45
193,Trixie,Szapiro,tszapiro5c@webeden.co.uk,Female,133.11.47.248
194,Phillip,Brambell,pbrambell5d@alexa.com,Male,26.214.196.87
195,Gavin,O' Markey,gomarkey5e@berkeley.edu,Male,7.171.107.125
196,Sansone,Schurig,sschurig5f@shutterfly.com,Polygender,128.33.150.236
197,Cyril,Dimitrov,cdimitrov5g@macromedia.com,Male,172.211.212.242
198,Cloris,Collomosse,ccollomosse5h@wunderground.com,Female,204.56.163.9
199,Magnum,Adhams,madhams5i@constantcontact.com,Male,8.72.114.172
200,Dale,Gatch,dgatch5j@mashable.com,Female,162.76.233.161
201,Gerianna,Delafont,gdelafont5k@ocn.ne.jp,Female,54.22.42.153
202,Loydie,Ussher,lussher5l@devhub.com,Male,52.108.126.191
203,Stafford,Readwood,sreadwood5m@mysql.com,Male,240.28.152.192
204,Talia,Wathen,twathen5n@so-net.ne.jp,Female,219.129.141.112
205,Sharla,Henighan,shenighan5o@plala.or.jp,Female,123.181.156.43
206,Saleem,Khotler,skhotler5p@nytimes.com,Male,150.202.105.249
207,Zachary,Layton,zlayton5q@google.com.au,Male,199.138.238.86
208,Katerina,Sandeson,ksandeson5r@hexun.com,Female,56.211.14.12
209,Alisun,Baudinet,abaudinet5s@gizmodo.com,Female,40.194.68.88
210,Orion,Isakovic,oisakovic5t@amazon.de,Male,84.228.128.28
211,Lind,Mathiot,lmathiot5u@addthis.com,Female,213.39.123.170
212,Garvin,Liebmann,gliebmann5v@geocities.com,Male,165.226.235.132
213,Morissa,Arnoldi,marnoldi5w@hao123.com,Female,71.64.218.149
214,Katy,Pinckney,kpinckney5x@wisc.edu,Female,5.124.23.37
215,Natalya,Tenpenny,ntenpenny5y@state.tx.us,Bigender,45.214.222.153
216,Hieronymus,Arnaldy,harnaldy5z@goo.ne.jp,Male,14.230.55.134
217,Wesley,Smallpeice,wsmallpeice60@google.com.hk,Male,105.183.229.208
218,Cedric,Crowley,ccrowley61@bluehost.com,Male,10.104.134.79
219,Deane,MacShane,dmacshane62@opera.com,Male,239.77.82.217
220,Elihu,MacGilmartin,emacgilmartin63@lulu.com,Male,116.5.171.50
221,Trenna,Estoile,testoile64@ed.gov,Female,149.91.67.100
222,Ichabod,Killock,ikillock65@flavors.me,Genderfluid,99.231.215.253
223,Peyter,Greason,pgreason66@gnu.org,Male,9.104.178.89
224,Gwenny,Willoway,gwilloway67@google.ca,Female,135.187.183.46
225,Stinky,Janjusevic,sjanjusevic68@dailymail.co.uk,Male,131.49.217.54
226,Irving,Atterbury,iatterbury69@answers.com,Male,167.55.234.40
227,Tabbatha,Roos,troos6a@time.com,Female,139.133.177.52
228,Rosmunda,Minchinden,rminchinden6b@yellowpages.com,Female,176.248.240.69
229,Deirdre,Upham,dupham6c@bluehost.com,Female,190.1.235.162
230,Humphrey,Bollam,hbollam6d@blogtalkradio.com,Male,19.203.120.60
231,Joyce,Brocklesby,jbrocklesby6e@blinklist.com,Female,171.153.63.10
232,Dorian,Blazewski,dblazewski6f@paginegialle.it,Female,20.8.249.174
233,Hugibert,Davenhill,hdavenhill6g@reddit.com,Male,30.89.253.103
234,Yovonnda,Van Daalen,yvandaalen6h@chronoengine.com,Female,133.116.206.239
235,Gardner,Doherty,gdoherty6i@netscape.com,Male,2.218.118.250
236,Grant,Harber,gharber6j@walmart.com,Male,11.194.75.10
237,Gilli,Grinyer,ggrinyer6k@constantcontact.com,Female,1.5.16.203
238,Torrance,Ryott,tryott6l@amazon.co.jp,Male,182.236.3.153
239,Thane,Applewhaite,tapplewhaite6m@miibeian.gov.cn,Male,18.110.129.163
240,Aura,Shoppee,ashoppee6n@netscape.com,Agender,120.156.142.145
241,Dasie,Jandel,djandel6o@wiley.com,Genderqueer,58.222.245.240
242,Charissa,Couser,ccouser6p@posterous.com,Bigender,5.90.191.146
243,Kahlil,Tunnock,ktunnock6q@loc.gov,Male,239.2.48.255
244,Justina,Snelman,jsnelman6r@sakura.ne.jp,Female,36.181.199.211
245,Haley,McElroy,hmcelroy6s@webeden.co.uk,Female,192.99.166.74
246,Deni,Denington,ddenington6t@360.cn,Female,253.51.183.53
247,Jemmie,Fireman,jfireman6u@jalbum.net,Female,22.194.168.57
248,Bill,Rayman,brayman6v@ycombinator.com,Male,201.191.223.216
249,Sandra,Iskow,siskow6w@paginegialle.it,Female,127.17.174.196
250,Chance,Grinnell,cgrinnell6x@ftc.gov,Genderqueer,211.250.244.255
251,Maureene,Scarlin,mscarlin6y@drupal.org,Female,52.123.163.252
252,Andrea,Cotes,acotes6z@simplemachines.org,Male,205.242.139.178
253,Annadiane,Brehault,abrehault70@hc360.com,Female,56.14.168.221
254,Bidget,Ruddin,bruddin71@dmoz.org,Polygender,118.136.194.216
255,Sibylla,Bande,sbande72@merriam-webster.com,Female,234.117.100.102
256,Beitris,Shapira,bshapira73@gizmodo.com,Female,220.134.119.0
257,Reuben,Hakonsson,rhakonsson74@bloglines.com,Male,177.31.213.74
258,Leland,Karpenko,lkarpenko75@mozilla.org,Female,196.85.80.23
259,Sholom,Skerritt,sskerritt76@ovh.net,Male,9.157.171.219
260,Rogers,Brierley,rbrierley77@si.edu,Male,34.5.162.12
261,Mohandas,Millott,mmillott78@businessinsider.com,Male,48.91.208.155
262,Ulrika,Squibb,usquibb79@ycombinator.com,Female,107.62.16.241
263,Perice,Ray,pray7a@usgs.gov,Male,217.52.151.204
264,Nonie,Worpole,nworpole7b@comcast.net,Female,47.165.73.220
265,Jud,Ginty,jginty7c@princeton.edu,Male,153.46.197.69
266,Andrei,Quan,aquan7d@thetimes.co.uk,Female,123.32.100.254
267,Don,Ivanishin,divanishin7e@goodreads.com,Male,68.39.1.240
268,Theodor,Neesham,tneesham7f@pen.io,Male,36.144.140.40
269,Denny,Bartosch,dbartosch7g@godaddy.com,Male,139.97.214.57
270,Neille,Levene,nlevene7h@nih.gov,Female,46.6.246.193
271,Florian,Hooban,fhooban7i@icq.com,Male,250.175.94.197
272,Rees,Clayill,rclayill7j@prlog.org,Male,144.104.183.182
273,Murry,Ringsell,mringsell7k@ocn.ne.jp,Male,192.250.217.222
274,Freemon,Hebbron,fhebbron7l@sourceforge.net,Male,160.151.43.183
275,Alexio,Camerana,acamerana7m@google.com.br,Male,199.49.192.57
276,Augusto,Bebbington,abebbington7n@prnewswire.com,Male,24.110.218.97
277,Annalise,Southerell,asoutherell7o@elegantthemes.com,Female,140.86.184.29
278,Nikki,Traylen,ntraylen7p@google.com.hk,Non-binary,203.3.224.136
279,Hagan,Sargood,hsargood7q@google.com,Male,166.85.52.116
280,Antons,Siviour,asiviour7r@discuz.net,Male,41.242.8.151
281,Catriona,Pestridge,cpestridge7s@intel.com,Female,58.156.56.45
282,Lise,Buckle,lbuckle7t@blogspot.com,Female,117.130.67.37
283,Vivien,Eddison,veddison7u@unc.edu,Female,138.96.120.138
284,Norma,Fitchet,nfitchet7v@pbs.org,Female,167.208.105.101
285,Paten,Jury,pjury7w@mit.edu,Male,193.30.16.181
286,Yves,Maleham,ymaleham7x@wikia.com,Male,140.20.176.52
287,Catie,Motte,cmotte7y@1688.com,Female,16.43.54.28
288,Orrin,Knoller,oknoller7z@macromedia.com,Male,209.204.218.182
289,Ford,Crisall,fcrisall80@exblog.jp,Male,176.151.3.14
290,Tadio,Faers,tfaers81@wordpress.com,Male,55.139.176.109
291,Zenia,Sabbins,zsabbins82@w3.org,Female,244.178.167.242
292,Taite,Lansdowne,tlansdowne83@gravatar.com,Male,253.95.123.3
293,Mehetabel,Chiene,mchiene84@trellian.com,Female,93.28.1.18
294,Charil,Grigoryev,cgrigoryev85@ebay.com,Female,230.176.69.36
295,Cecil,Stother,cstother86@macromedia.com,Female,213.118.45.141
296,Issy,O'Fogarty,iofogarty87@unc.edu,Female,198.1.31.3
297,Lynn,Gergely,lgergely88@deviantart.com,Male,250.10.38.30
298,Lynnell,Easum,leasum89@godaddy.com,Female,17.150.165.230
299,Webster,Kill,wkill8a@paypal.com,Male,29.208.228.35
300,Farley,Blazy,fblazy8b@dropbox.com,Male,155.115.233.250
