id,first_name,last_name,email,gender,ip_address
1,Berkly,Gainfort,bgainfort0@cbslocal.com,Male,51.233.124.4
2,Eamon,Gambie,egambie1@abc.net.au,Polygender,93.228.145.216
3,Archibold,Karlsson,akarlsson2@uiuc.edu,Male,11.62.157.36
4,Kasper,Lindsell,klindsell3@msu.edu,Male,32.95.95.249
5,Keven,Heardman,kheardman4@theguardian.com,Male,161.233.119.249
6,Murvyn,Kepe,mkepe5@artisteer.com,Male,44.48.210.15
7,Allin,Presshaugh,apresshaugh6@wordpress.com,Male,58.0.133.180
8,Eugenius,Giurio,egiurio7@goo.ne.jp,Male,82.13.164.115
9,Edsel,Cassley,ecassley8@timesonline.co.uk,Male,60.210.186.41
10,Arnold,Mulhall,amulhall9@time.com,Male,68.186.173.178
11,Avivah,Ficken,afickena@vinaora.com,Female,191.20.136.230
12,Dom,Currall,dcurrallb@taobao.com,Male,72.43.161.54
13,Teodoro,Palfrey,tpalfreyc@admin.ch,Male,252.49.108.207
14,Sandy,Simpkin,ssimpkind@businessweek.com,Female,236.190.39.8
15,Jodee,Rankine,jrankinee@people.com.cn,Female,72.218.207.232
16,Wilma,Phette,wphettef@archive.org,Female,227.70.79.74
17,Dorisa,Else,delseg@mozilla.com,Female,242.66.200.220
18,Brinn,Edmondson,bedmondsonh@furl.net,Female,36.138.34.145
19,Maurie,Godart,mgodarti@miibeian.gov.cn,Male,108.68.241.90
20,Winne,Iorizzi,wiorizzij@usa.gov,Female,235.3.222.100
21,Ario,Bolter,abolterk@example.com,Male,5.191.87.26
22,Barthel,Lightoller,blightollerl@mysql.com,Male,214.44.120.250
23,Marni,Crush,mcrushm@angelfire.com,Female,20.145.64.0
24,Erena,Farny,efarnyn@google.it,Female,240.45.169.159
25,Randi,Goulbourn,rgoulbourno@shareasale.com,Female,24.126.222.193
26,Vanya,Shaefer,vshaeferp@tiny.cc,Male,219.71.10.175
27,Willette,Ripley,wripleyq@statcounter.com,Female,72.96.3.147
28,Emmy,Eschalotte,eeschalotter@rambler.ru,Female,60.245.190.154
29,Glad,Stannas,gstannass@newyorker.com,Female,59.134.137.95
30,Jerrilee,Dunning,jdunningt@unc.edu,Female,204.161.140.78
31,Reeta,Runcieman,rrunciemanu@sphinn.com,Female,120.149.244.231
32,Junie,Sweeney,jsweeneyv@ox.ac.uk,Female,12.248.50.168
33,Novelia,Bruyns,nbruynsw@jigsy.com,Female,16.73.100.151
34,Derwin,Thackeray,dthackerayx@networksolutions.com,Male,7.236.78.223
35,My,Scarfe,mscarfey@telegraph.co.uk,Male,157.96.115.80
36,Frants,Demko,fdemkoz@tinyurl.com,Male,201.200.249.219
37,Anne,Bunworth,abunworth10@behance.net,Female,1.134.57.202
38,Marcy,Bonnette,mbonnette11@wufoo.com,Female,141.18.226.168
39,Jesselyn,Brilleman,jbrilleman12@forbes.com,Female,71.231.174.2
40,Jillian,Strafford,jstrafford13@blogspot.com,Female,73.162.101.109
41,Lindsay,Barlass,lbarlass14@woothemes.com,Male,78.220.250.71
42,Berenice,Gutherson,bgutherson15@usa.gov,Female,224.66.238.91
43,Goldie,Skoof,gskoof16@addthis.com,Female,216.170.59.66
44,Grayce,Lennarde,glennarde17@msu.edu,Female,233.216.224.146
45,Hamil,Hugli,hhugli18@utexas.edu,Male,207.22.235.31
46,Trumaine,Brownsmith,tbrownsmith19@shareasale.com,Bigender,54.66.15.50
47,Townsend,Brinkworth,tbrinkworth1a@reverbnation.com,Male,206.104.219.37
48,Georges,Muglestone,gmuglestone1b@360.cn,Male,71.134.73.209
49,Nikolai,Martel,nmartel1c@skype.com,Male,253.159.137.139
50,Alf,Lasselle,alasselle1d@paginegialle.it,Male,1.149.192.224
51,Shayna,Seamon,sseamon1e@wisc.edu,Female,250.123.149.78
52,Fanny,Noot,fnoot1f@amazon.co.jp,Female,61.158.149.55
53,Ambros,Moutray Read,amoutrayread1g@usatoday.com,Genderfluid,37.94.149.244
54,Bone,Benneton,bbenneton1h@wufoo.com,Male,45.19.86.2
55,Jule,Dighton,jdighton1i@dyndns.org,Male,19.182.33.225
56,Lacy,Bougen,lbougen1j@youtu.be,Female,34.80.204.78
57,Laryssa,Dodswell,ldodswell1k@indiatimes.com,Female,88.79.36.138
58,Daloris,Frascone,dfrascone1l@opera.com,Female,240.37.218.232
59,Christos,Drains,cdrains1m@drupal.org,Male,175.124.40.239
60,Adolphus,Crudgington,acrudgington1n@indiatimes.com,Male,214.34.224.175
61,Chelsae,Brome,cbrome1o@netscape.com,Female,237.82.203.5
62,Angela,Exelby,aexelby1p@msu.edu,Female,5.207.90.9
63,Adore,Broadway,abroadway1q@fc2.com,Female,238.253.245.54
64,Venita,Eckford,veckford1r@angelfire.com,Female,107.62.181.113
65,Moina,Coutts,mcoutts1s@plala.or.jp,Female,237.130.49.222
66,Claire,Cullotey,ccullotey1t@paginegialle.it,Male,49.186.65.140
67,Jonah,Riccio,jriccio1u@prweb.com,Agender,226.163.154.160
68,Simmonds,Clementel,sclementel1v@4shared.com,Male,175.194.105.166
69,Gnni,Grundell,ggrundell1w@posterous.com,Genderfluid,86.237.5.139
70,Carroll,Shakshaft,cshakshaft1x@pinterest.com,Non-binary,4.162.192.226
71,Kilian,Martusov,kmartusov1y@eepurl.com,Male,174.117.195.53
72,Baird,McNirlin,bmcnirlin1z@aboutads.info,Male,184.156.63.115
73,Ric,Cordero,rcordero20@cafepress.com,Male,92.1.29.119
74,Nerti,Boughtflower,nboughtflower21@chron.com,Female,122.147.130.30
75,Nathaniel,Ions,nions22@narod.ru,Male,160.75.168.77
76,Griz,Wooddisse,gwooddisse23@reverbnation.com,Male,27.155.157.6
77,Sapphira,Pennock,spennock24@tamu.edu,Female,97.57.1.246
78,Rayner,Petrenko,rpetrenko25@msn.com,Male,1.108.224.133
79,Nonie,Ribey,nribey26@utexas.edu,Female,70.251.190.139
80,Silvanus,Bethune,sbethune27@deviantart.com,Male,12.90.22.52
81,Cordey,Redihough,credihough28@joomla.org,Female,8.130.113.149
82,Zak,Fairweather,zfairweather29@shop-pro.jp,Male,202.84.192.228
83,Gunner,Clackers,gclackers2a@uiuc.edu,Male,32.47.117.74
84,Alyss,Tresler,atresler2b@topsy.com,Female,179.35.45.38
85,Lizzie,Rizzolo,lrizzolo2c@tinyurl.com,Female,5.83.152.102
86,Estevan,Calderon,ecalderon2d@elpais.com,Non-binary,190.149.146.45
87,Daron,Dreinan,ddreinan2e@theatlantic.com,Male,189.47.63.0
88,Prentiss,Peniman,ppeniman2f@berkeley.edu,Male,188.90.202.15
89,Gray,Stilgoe,gstilgoe2g@wiley.com,Female,206.176.37.39
90,Bryn,Drew,bdrew2h@youtu.be,Male,79.243.67.189
91,Maritsa,Rochester,mrochester2i@apache.org,Female,97.91.8.60
92,Harley,Abrahmer,habrahmer2j@google.de,Female,43.226.39.122
93,Carlen,Batrim,cbatrim2k@npr.org,Female,186.224.203.232
94,Tarrah,Pauncefoot,tpauncefoot2l@sciencedaily.com,Female,187.105.155.181
95,Shane,Haggart,shaggart2m@newsvine.com,Genderfluid,99.74.191.215
96,Venus,Leed,vleed2n@naver.com,Female,18.78.47.180
97,Allison,Corness,acorness2o@java.com,Female,148.66.165.92
98,Helga,Norcott,hnorcott2p@ovh.net,Female,209.206.181.244
99,Felipe,Isard,fisard2q@bloglovin.com,Male,24.93.181.168
100,Vale,Roggero,vroggero2r@live.com,Female,171.106.232.205
101,Roth,Eardley,reardley2s@washingtonpost.com,Male,208.184.60.88
102,Theodosia,Josselson,tjosselson2t@google.pl,Female,23.250.104.34
103,Ingemar,Tring,itring2u@cyberchimps.com,Male,90.196.241.147
104,Duncan,Blamphin,dblamphin2v@netlog.com,Male,188.108.131.2
105,Christian,Brierley,cbrierley2w@mozilla.org,Male,238.143.239.151
106,Deloria,Beharrell,dbeharrell2x@hubpages.com,Female,185.100.154.22
107,Dylan,Adolfson,dadolfson2y@wsj.com,Polygender,106.26.170.180
108,Erminie,Del Castello,edelcastello2z@acquirethisname.com,Female,187.190.39.52
109,Joyann,Moubray,jmoubray30@odnoklassniki.ru,Non-binary,48.52.151.115
110,Ingrim,Brayshay,ibrayshay31@typepad.com,Genderqueer,66.1.22.98
