id,first_name,last_name,email,gender,ip_address
1,Modesta,Rikkard,mrikkard0@reference.com,Female,194.81.196.127
2,Gaultiero,Hounsham,ghounsham1@amazonaws.com,Male,232.61.126.26
3,Monroe,Merredy,mmerredy2@ifeng.com,Male,6.28.47.136
4,Poul,Navarre,pnavarre3@sitemeter.com,Male,212.8.155.144
5,Kirsti,McCarney,kmccarney4@ow.ly,Female,169.108.13.180
6,Jessie,Heustace,jheustace5@homestead.com,Male,177.50.104.85
7,Raeann,Greville,rgreville6@washingtonpost.com,Female,243.85.104.220
8,Fin,Restorick,frestorick7@engadget.com,Male,227.72.116.199
9,Courtney,Keemer,ckeemer8@earthlink.net,Non-binary,254.134.185.161
10,Levy,Pinnion,lpinnion9@unesco.org,Male,246.32.246.126
11,Wadsworth,Oldland,woldlanda@shutterfly.com,Agender,45.201.247.54
12,Nataniel,Barnham,nbarnhamb@instagram.com,Male,71.226.44.200
13,Michelle,Freeburn,mfreeburnc@cbslocal.com,Female,77.230.104.134
14,Buddie,Radage,bradaged@biblegateway.com,Non-binary,85.195.59.222
15,Joshuah,Corness,jcornesse@cdc.gov,Male,115.116.35.88
16,Norri,Habin,nhabinf@addthis.com,Female,77.240.176.209
17,Lanie,Priden,lprideng@nhs.uk,Female,31.179.105.214
18,Garrek,Baldelli,gbaldellih@wordpress.com,Male,246.16.228.96
19,Danni,Greystoke,dgreystokei@ucoz.ru,Female,176.244.67.30
20,Otto,Pritty,oprittyj@sfgate.com,Male,114.12.79.96
21,Donnajean,Noad,dnoadk@domainmarket.com,Female,33.20.202.151
22,Cori,Kelwaybamber,ckelwaybamberl@clickbank.net,Genderqueer,107.60.180.108
23,Zuzana,Sellens,zsellensm@cbc.ca,Female,3.140.86.14
24,Mandel,Scarasbrick,mscarasbrickn@sfgate.com,Male,14.38.216.188
25,Goldia,Domerq,gdomerqo@fc2.com,Female,127.138.43.212
26,Joseito,Launder,jlaunderp@ox.ac.uk,Agender,236.190.220.124
27,Chryste,Bales,cbalesq@cargocollective.com,Female,28.131.180.222
28,Doralynne,Wetherell,dwetherellr@ocn.ne.jp,Female,115.23.232.254
29,Kali,Mandry,kmandrys@kickstarter.com,Female,75.70.4.109
30,Barny,Crosby,bcrosbyt@sfgate.com,Male,43.107.168.89
31,Aubrie,Maddra,amaddrau@wikipedia.org,Female,215.188.110.50
32,Sofia,Benois,sbenoisv@narod.ru,Female,126.167.169.12
33,Donnell,Gooderidge,dgooderidgew@is.gd,Male,54.221.243.188
34,Ginevra,Busfield,gbusfieldx@wufoo.com,Female,242.155.96.165
35,Val,Bartholomaus,vbartholomausy@aboutads.info,Female,45.60.251.57
36,Mufinella,Sworne,mswornez@plala.or.jp,Bigender,116.48.192.103
37,Axel,Chewter,achewter10@smh.com.au,Male,147.104.189.165
38,Mina,Finlater,mfinlater11@disqus.com,Female,65.9.159.99
39,Allard,Sherrington,asherrington12@indiatimes.com,Bigender,171.109.141.16
40,Leanor,Creebo,lcreebo13@guardian.co.uk,Female,97.12.113.90
41,Rivalee,St. John,rstjohn14@free.fr,Genderqueer,22.56.124.66
42,Claudio,Phillpotts,cphillpotts15@usatoday.com,Non-binary,202.97.230.134
43,Darda,Mowat,dmowat16@surveymonkey.com,Female,205.160.226.167
44,Opalina,Gronaller,ogronaller17@wiley.com,Female,212.235.224.32
45,Paxton,Coneau,pconeau18@foxnews.com,Male,140.199.38.82
46,Jamal,Ching,jching19@jimdo.com,Male,88.33.226.149
47,Courtnay,Janczyk,cjanczyk1a@vimeo.com,Female,165.192.253.223
48,Valentijn,Proffitt,vproffitt1b@bigcartel.com,Male,194.76.164.218
49,Caprice,Vigurs,cvigurs1c@weebly.com,Female,204.58.44.237
50,Hillard,Feares,hfeares1d@google.ca,Non-binary,86.181.45.96
51,Zabrina,Willshear,zwillshear1e@nhs.uk,Female,233.126.66.71
52,Honor,Shurman,hshurman1f@usnews.com,Female,140.9.124.53
53,Gardiner,Keysall,gkeysall1g@a8.net,Male,42.32.213.228
54,Kaleena,Cicccitti,kcicccitti1h@nature.com,Female,12.193.145.101
55,Cori,Trytsman,ctrytsman1i@liveinternet.ru,Male,22.226.90.219
56,Lainey,Fydoe,lfydoe1j@sbwire.com,Female,182.13.103.169
57,Megan,Drewes,mdrewes1k@geocities.jp,Female,27.94.156.153
58,Adella,Seville,aseville1l@nature.com,Female,195.12.236.90
59,Gibby,Skewes,gskewes1m@wired.com,Male,85.56.167.100
60,Lauren,Attlee,lattlee1n@examiner.com,Female,211.221.130.170
61,Kelsy,Benedicto,kbenedicto1o@earthlink.net,Female,68.116.4.252
62,Winn,Pfiffer,wpfiffer1p@geocities.jp,Male,192.46.246.160
63,Kania,Landsman,klandsman1q@moonfruit.com,Female,78.173.22.242
64,Darleen,Pimmocke,dpimmocke1r@altervista.org,Female,237.115.234.132
65,Walt,Sally,wsally1s@nps.gov,Male,253.104.81.94
66,Sam,MacPadene,smacpadene1t@issuu.com,Female,129.82.155.157
67,Davis,Grishechkin,dgrishechkin1u@digg.com,Male,6.14.177.78
68,Dix,Baise,dbaise1v@theatlantic.com,Female,142.3.174.250
69,Deidre,Belverstone,dbelverstone1w@4shared.com,Female,86.106.47.61
70,Brocky,Skilton,bskilton1x@liveinternet.ru,Male,171.162.154.67
71,Joellyn,Bettlestone,jbettlestone1y@studiopress.com,Female,190.170.151.66
72,Pasquale,Bindley,pbindley1z@ezinearticles.com,Male,173.91.3.74
73,Robb,Mitchely,rmitchely20@t.co,Male,71.219.17.149
74,Rhianon,de Guise,rdeguise21@rambler.ru,Agender,66.8.206.109
75,Adlai,De Anesy,adeanesy22@sphinn.com,Male,155.119.241.242
76,Carine,Shailer,cshailer23@examiner.com,Female,118.138.110.193
77,Farra,Stigger,fstigger24@usda.gov,Female,42.254.209.218
78,Kylie,Stubbe,kstubbe25@qq.com,Female,20.101.20.160
79,Olive,Frascone,ofrascone26@reuters.com,Female,71.60.185.59
80,Janeczka,Wrist,jwrist27@purevolume.com,Female,194.172.251.239
81,Zedekiah,Eastwood,zeastwood28@pinterest.com,Male,91.97.187.117
82,Doralin,Cossem,dcossem29@slate.com,Female,133.60.208.14
83,Gretna,Robbie,grobbie2a@bandcamp.com,Female,31.107.197.38
84,Chris,Torry,ctorry2b@miitbeian.gov.cn,Female,248.254.253.49
85,Elvis,Jacobsz,ejacobsz2c@sakura.ne.jp,Male,44.203.173.193
86,Odelinda,Mompesson,omompesson2d@exblog.jp,Polygender,102.95.72.224
87,Rog,Cruces,rcruces2e@springer.com,Male,13.104.96.203
88,Clyde,Beasley,cbeasley2f@eepurl.com,Male,141.209.129.173
89,Preston,Kall,pkall2g@is.gd,Male,9.140.1.111
90,Cody,Routley,croutley2h@free.fr,Male,59.251.147.160
91,Arly,Naldrett,analdrett2i@europa.eu,Female,184.30.126.78
92,Granger,Coppledike,gcoppledike2j@woothemes.com,Male,152.106.82.159
93,Dodi,Anniwell,danniwell2k@illinois.edu,Female,195.204.213.75
94,Fulton,Gainfort,fgainfort2l@over-blog.com,Male,103.159.38.226
95,Joli,Wyness,jwyness2m@devhub.com,Female,123.98.152.94
96,Cori,Hinkins,chinkins2n@state.tx.us,Male,45.224.14.120
97,Reilly,Patry,rpatry2o@businessweek.com,Male,72.247.127.27
98,Darcie,Pincked,dpincked2p@desdev.cn,Female,243.171.39.224
99,Fields,Leal,fleal2q@istockphoto.com,Male,31.4.168.23
100,Sigismundo,Blundel,sblundel2r@photobucket.com,Male,143.206.106.255
