id,first_name,last_name,email,gender,ip_address
1,Doralynn,Bittlestone,dbittlestone0@over-blog.com,Female,56.202.191.102
2,Allina,Voak,avoak1@discovery.com,Female,150.64.158.123
3,Jethro,Tapping,jtapping2@godaddy.com,Male,118.180.41.181
4,Arni,Mosedall,amosedall3@telegraph.co.uk,Male,195.83.13.5
5,Emlynn,Towns,etowns4@51.la,Female,222.66.156.236
6,Elisa,Elliot,eelliot5@answers.com,Female,7.108.15.197
7,Bernarr,Evequot,bevequot6@discuz.net,Male,253.91.225.183
8,Aleece,Cunnell,acunnell7@google.com,Female,5.226.81.233
9,Minna,Robertson,mrobertson8@wikia.com,Female,152.167.243.253
10,Tonnie,Hanby,thanby9@hubpages.com,Male,103.65.167.141
11,Amelie,Groombridge,agroombridgea@irs.gov,Female,97.71.226.7
12,Chelsie,Lermit,clermitb@rediff.com,Female,180.153.83.150
13,Bastien,Garford,bgarfordc@paginegialle.it,Male,222.181.177.23
14,Ariel,O'Brollachain,aobrollachaind@gizmodo.com,Female,246.224.83.101
15,Osgood,Marrison,omarrisone@storify.com,Male,44.138.247.5
16,Sigfried,Duligal,sduligalf@pcworld.com,Male,75.223.8.111
17,Stefa,Braisher,sbraisherg@odnoklassniki.ru,Female,68.227.116.197
18,Lilas,Shah,lshahh@ameblo.jp,Female,234.243.160.204
19,Delmore,Barks,dbarksi@ask.com,Male,121.120.2.190
20,Brennen,Cartlidge,bcartlidgej@wikia.com,Non-binary,14.236.142.25
21,Thatch,Schoenleiter,tschoenleiterk@dedecms.com,Male,43.112.238.42
22,Chelsy,Nystrom,cnystroml@smh.com.au,Female,223.102.96.187
23,Munmro,Mathelin,mmathelinm@discuz.net,Male,75.237.149.147
24,Junie,Kier,jkiern@storify.com,Female,128.82.57.48
25,Kevon,Gorthy,kgorthyo@dot.gov,Male,21.107.242.200
26,Camila,Kingscott,ckingscottp@yelp.com,Female,56.212.246.124
27,Aida,Lettson,alettsonq@nytimes.com,Female,7.187.217.132
28,Silvester,Ingleby,singlebyr@ning.com,Male,83.236.171.70
29,Mathilda,Bellchamber,mbellchambers@angelfire.com,Female,217.183.196.205
30,Auroora,Derycot,aderycott@blogtalkradio.com,Female,179.12.26.74
31,Dulce,Ewence,dewenceu@dot.gov,Female,119.151.233.26
32,Vaclav,Baseley,vbaseleyv@sbwire.com,Male,213.152.5.33
33,Jeanie,Aimer,jaimerw@histats.com,Polygender,187.57.218.86
34,Roanna,Tollerfield,rtollerfieldx@usatoday.com,Female,2.102.42.215
35,Felicia,Hanway,fhanwayy@amazon.com,Agender,211.127.88.255
36,Farlie,Wisdish,fwisdishz@amazon.co.uk,Male,111.132.240.169
37,Rosco,Cornelisse,rcornelisse10@woothemes.com,Male,193.106.168.54
38,Asher,Latchford,alatchford11@acquirethisname.com,Male,33.147.60.103
39,Pavla,Havard,phavard12@pagesperso-orange.fr,Female,105.43.126.255
40,Stormi,Ailsbury,sailsbury13@usda.gov,Female,64.195.151.81
41,Hally,Sills,hsills14@cpanel.net,Female,74.9.234.115
42,Orv,Sarge,osarge15@technorati.com,Male,21.213.245.223
43,Spense,Halms,shalms16@umich.edu,Male,53.4.190.219
44,Nonah,Aleksandrikin,naleksandrikin17@home.pl,Polygender,79.55.52.33
45,Jonah,Stoving,jstoving18@ca.gov,Male,123.53.142.183
46,Farica,Breewood,fbreewood19@lulu.com,Female,240.23.219.16
47,Veradis,Bagge,vbagge1a@biglobe.ne.jp,Female,220.0.24.69
48,Mariana,Pellew,mpellew1b@tmall.com,Female,242.150.251.6
49,Gerik,Victor,gvictor1c@pen.io,Male,212.78.64.115
50,Lowrance,Blagburn,lblagburn1d@mlb.com,Male,40.131.247.3
51,Allistir,Stubbin,astubbin1e@trellian.com,Male,160.127.178.47
52,Elnar,Webb-Bowen,ewebbbowen1f@reuters.com,Male,162.120.245.218
53,Swen,Warton,swarton1g@qq.com,Male,214.84.168.18
54,Matelda,Pearl,mpearl1h@youtube.com,Female,174.226.139.91
55,Porty,Yellowlee,pyellowlee1i@telegraph.co.uk,Male,246.206.237.55
56,Bevon,Rosenfrucht,brosenfrucht1j@nps.gov,Male,50.168.77.181
57,Bridget,Twell,btwell1k@oracle.com,Female,112.225.164.57
58,Eldon,Haynesford,ehaynesford1l@ebay.com,Agender,171.190.65.142
59,Kameko,Critchell,kcritchell1m@1und1.de,Female,247.176.17.15
60,Lari,Robertsen,lrobertsen1n@behance.net,Female,44.165.144.7
61,Marven,Fricke,mfricke1o@ezinearticles.com,Male,67.133.8.175
62,Anestassia,Hawtrey,ahawtrey1p@chron.com,Female,37.3.125.233
63,Korey,Schutze,kschutze1q@ovh.net,Male,143.135.111.208
64,Julianna,Livock,jlivock1r@goodreads.com,Non-binary,228.222.143.42
65,Banky,Grogor,bgrogor1s@usda.gov,Male,180.215.188.201
66,Lorrie,Gunton,lgunton1t@mail.ru,Male,52.234.19.165
67,Kristyn,Jessep,kjessep1u@ucoz.ru,Female,19.208.138.102
68,Alfy,Wasteney,awasteney1v@cocolog-nifty.com,Polygender,12.205.218.81
69,Sayres,Corain,scorain1w@addthis.com,Male,24.154.133.135
70,Ruprecht,Becarra,rbecarra1x@goodreads.com,Male,59.215.175.146
71,Gunner,Lung,glung1y@sakura.ne.jp,Male,149.72.144.2
72,Antonino,Camilleri,acamilleri1z@google.ca,Male,59.234.255.154
73,Bailie,Cavie,bcavie20@weebly.com,Male,13.161.123.5
74,Jayson,Cordall,jcordall21@vistaprint.com,Male,209.255.253.22
75,Zarah,Barkworth,zbarkworth22@shutterfly.com,Female,98.250.220.0
76,Pet,Gooke,pgooke23@time.com,Female,181.197.20.252
77,Melony,Minshaw,mminshaw24@ovh.net,Female,38.36.192.254
78,Drucill,Bernolet,dbernolet25@china.com.cn,Female,42.214.163.119
79,Odey,Marvin,omarvin26@ted.com,Male,175.252.91.72
80,Tiffanie,Edghinn,tedghinn27@ning.com,Female,34.253.10.107
81,Caleb,Frye,cfrye28@berkeley.edu,Male,84.190.212.226
82,Fransisco,Clemetts,fclemetts29@ebay.co.uk,Male,29.35.98.112
83,Peggi,Fergyson,pfergyson2a@over-blog.com,Female,81.67.185.192
84,Ruthy,Sigg,rsigg2b@goo.gl,Female,5.248.22.61
85,Kristoffer,Menloe,kmenloe2c@bluehost.com,Male,157.7.233.24
86,Livvie,Cawthera,lcawthera2d@fda.gov,Female,151.19.179.47
87,Min,Comley,mcomley2e@blogger.com,Female,255.12.251.99
88,Merridie,Berard,mberard2f@cnbc.com,Female,107.254.193.228
89,Emma,Clarricoates,eclarricoates2g@cam.ac.uk,Female,84.126.13.233
90,Jeremy,Beeton,jbeeton2h@sphinn.com,Male,199.163.190.41
91,Kailey,Chaplain,kchaplain2i@biblegateway.com,Female,233.18.24.243
92,Delora,Ellis,dellis2j@engadget.com,Female,3.31.221.104
93,Roderigo,Dameisele,rdameisele2k@trellian.com,Male,22.94.123.181
94,Wally,Barstock,wbarstock2l@msn.com,Male,109.230.18.144
95,Chanda,Iacomi,ciacomi2m@ucsd.edu,Female,209.39.151.163
96,Giorgia,Penddreth,gpenddreth2n@nasa.gov,Female,208.33.65.4
97,Ida,Mityashin,imityashin2o@usnews.com,Female,8.144.18.168
98,Cale,Hallums,challums2p@addtoany.com,Male,130.114.189.63
99,Eleen,Trippett,etrippett2q@discuz.net,Female,33.226.75.72
100,Xymenes,Brookshaw,xbrookshaw2r@kickstarter.com,Male,193.175.153.69
