id,first_name,last_name,email,gender,ip_address
1,Daffi,Mityukov,dmityukov0@parallels.com,Female,89.165.11.62
2,Josepha,Serraillier,jserraillier1@naver.com,Female,126.221.197.107
3,Thacher,Moriarty,tmoriarty2@dmoz.org,Male,33.231.57.56
4,Gibb,Pischoff,gpischoff3@weather.com,Male,80.85.205.37
5,Cal,Laban,claban4@yandex.ru,Female,118.123.164.22
6,Gabriello,Agdahl,gagdahl5@cloudflare.com,Male,191.140.206.174
7,Dilan,Clemmitt,dclemmitt6@t-online.de,Male,99.124.99.3
8,Alejandro,Bruneau,abruneau7@goo.gl,Male,46.45.9.101
9,Lexis,Pembridge,lpembridge8@addtoany.com,Non-binary,55.87.199.153
10,Marlo,Athy,mathy9@ask.com,Female,16.84.207.157
11,Lanny,Denisyuk,ldenisyuka@whitehouse.gov,Female,45.16.106.56
12,Betsey,Adelsberg,badelsbergb@soundcloud.com,Bigender,12.246.106.61
13,Flint,Burress,fburressc@slideshare.net,Non-binary,19.14.98.31
14,Sander,Valencia,svalenciad@mit.edu,Male,96.44.226.160
15,Ollie,Gash,ogashe@yale.edu,Male,189.51.227.182
16,Nels,Reuter,nreuterf@goo.gl,Male,30.155.154.215
17,Myrtie,Easdon,measdong@homestead.com,Female,167.142.211.107
18,Winny,Attkins,wattkinsh@symantec.com,Genderqueer,178.45.129.207
19,Camella,Bratton,cbrattoni@ebay.com,Female,238.120.106.245
20,Dianemarie,Showl,dshowlj@dailymotion.com,Female,224.137.146.21
21,Staffard,Bramstom,sbramstomk@mapy.cz,Male,75.189.139.203
22,Melinde,O' Donohoe,modonohoel@nytimes.com,Female,176.132.37.223
23,Jonathan,Briton,jbritonm@behance.net,Male,31.55.67.6
24,Gena,Feander,gfeandern@sina.com.cn,Female,129.209.46.204
25,Pavlov,Gladdolph,pgladdolpho@woothemes.com,Male,207.81.34.49
26,Pauline,Bum,pbump@gravatar.com,Female,24.75.141.52
27,Bryant,McClinton,bmcclintonq@netvibes.com,Non-binary,135.29.250.54
28,Bucky,Sauvan,bsauvanr@simplemachines.org,Male,142.239.168.184
29,Murdock,Fleischmann,mfleischmanns@microsoft.com,Male,159.149.174.214
30,Wallace,Laffin,wlaffint@google.de,Male,236.108.188.95
31,Heath,Athelstan,hathelstanu@domainmarket.com,Male,229.177.141.79
32,Boniface,Cramp,bcrampv@homestead.com,Male,247.133.152.81
33,Audi,Cunrado,acunradow@fema.gov,Female,250.10.238.145
34,Maridel,Carabet,mcarabetx@merriam-webster.com,Female,43.4.118.23
35,Amalee,Bukac,abukacy@mac.com,Female,59.160.232.29
36,Madel,Crucitti,mcrucittiz@tuttocitta.it,Female,16.124.213.83
37,Silvia,Tilsley,stilsley10@pcworld.com,Female,5.14.32.91
38,Emilee,Rayhill,erayhill11@trellian.com,Female,251.237.243.67
39,Jobie,Gilhespy,jgilhespy12@behance.net,Female,146.37.134.72
40,Cristi,Terrington,cterrington13@hubpages.com,Female,213.200.245.86
41,Eleanora,Matijasevic,ematijasevic14@mapy.cz,Female,52.243.5.58
42,Tori,Blaver,tblaver15@seesaa.net,Female,28.14.153.245
43,Francesco,Dumbar,fdumbar16@alibaba.com,Male,216.187.220.79
44,Royce,Arnaldi,rarnaldi17@pcworld.com,Male,222.182.49.132
45,Roosevelt,Holstein,rholstein18@hhs.gov,Male,193.219.142.238
46,Sloane,Tayler,stayler19@skype.com,Male,135.231.93.224
47,Hillard,Conachie,hconachie1a@cyberchimps.com,Genderqueer,243.49.14.188
48,Corliss,Mullin,cmullin1b@yelp.com,Female,246.7.64.234
49,Jordon,Antunez,jantunez1c@pagesperso-orange.fr,Male,214.229.95.186
50,Chicky,Benbough,cbenbough1d@technorati.com,Genderqueer,254.31.130.188
51,Olga,Vlasov,ovlasov1e@irs.gov,Female,215.235.219.95
52,Rutledge,Kelway,rkelway1f@themeforest.net,Male,20.29.240.239
53,Lulu,Stolle,lstolle1g@surveymonkey.com,Female,198.149.190.155
54,Concordia,Skullet,cskullet1h@sciencedaily.com,Female,237.78.202.138
55,Allene,Briscam,abriscam1i@ovh.net,Female,210.6.32.155
56,Georgianna,Pasby,gpasby1j@diigo.com,Female,151.219.31.54
57,Gustav,Kondratenko,gkondratenko1k@issuu.com,Male,130.153.253.162
58,Cally,Dibbe,cdibbe1l@ifeng.com,Agender,153.125.136.96
59,Elnora,Chainey,echainey1m@tripadvisor.com,Female,213.34.176.10
60,Oberon,Talby,otalby1n@imdb.com,Male,79.192.8.228
61,Anastassia,Easum,aeasum1o@geocities.com,Female,173.217.3.33
62,Jacintha,Devaney,jdevaney1p@newsvine.com,Female,105.58.191.9
63,Diena,Gounod,dgounod1q@phoca.cz,Female,175.188.149.169
64,Cam,Godson,cgodson1r@blogs.com,Female,17.191.25.194
65,Brenda,Hurrion,bhurrion1s@cmu.edu,Female,2.122.47.0
66,Sybila,Hawney,shawney1t@sfgate.com,Female,131.119.7.255
67,Gena,Ghioni,gghioni1u@reddit.com,Female,82.53.169.75
68,Rhonda,Ivashchenko,rivashchenko1v@behance.net,Female,28.254.153.75
69,Cammy,Poulson,cpoulson1w@hibu.com,Female,44.196.241.249
70,Mallorie,Andriessen,mandriessen1x@liveinternet.ru,Female,57.69.193.51
71,Genia,Snaddon,gsnaddon1y@google.pl,Female,7.199.164.85
72,Sawyer,Shadrack,sshadrack1z@europa.eu,Male,211.95.223.50
73,Hernando,Gorman,hgorman20@wix.com,Male,197.237.37.142
74,Pyotr,Hilldrup,philldrup21@salon.com,Male,51.134.215.13
75,Goldia,Pantone,gpantone22@flavors.me,Female,112.188.250.189
76,Norine,Romanelli,nromanelli23@wordpress.com,Female,108.172.214.146
77,Leif,Pennuzzi,lpennuzzi24@cmu.edu,Agender,96.155.119.254
78,Shena,Fisbey,sfisbey25@senate.gov,Female,243.126.223.242
79,Cherish,Retter,cretter26@altervista.org,Female,58.103.214.246
80,Kameko,Ding,kding27@mashable.com,Female,142.189.38.93
81,Tallie,Stubbings,tstubbings28@canalblog.com,Male,26.162.138.151
82,Dennison,Frude,dfrude29@illinois.edu,Genderfluid,173.163.164.59
83,Euphemia,Reddington,ereddington2a@yahoo.co.jp,Bigender,4.224.244.121
84,Farley,Guyver,fguyver2b@washingtonpost.com,Male,184.187.214.115
85,Harmon,Filyaev,hfilyaev2c@discovery.com,Male,235.117.55.157
86,Thorndike,Fransinelli,tfransinelli2d@stanford.edu,Male,93.153.72.255
87,Alair,Schwand,aschwand2e@skyrock.com,Male,147.103.59.197
88,Petey,Donhardt,pdonhardt2f@unblog.fr,Male,69.110.152.59
89,Evyn,Fountain,efountain2g@goodreads.com,Male,130.181.171.44
90,Pooh,Toquet,ptoquet2h@google.com.hk,Female,82.197.30.100
91,Minnnie,Kinsella,mkinsella2i@nbcnews.com,Female,96.42.255.170
92,Kiel,Hebard,khebard2j@foxnews.com,Male,64.57.21.18
93,Henryetta,Amerighi,hamerighi2k@wix.com,Female,195.29.247.8
94,Anthony,Betchley,abetchley2l@forbes.com,Male,132.33.163.117
95,Noelani,Polack,npolack2m@surveymonkey.com,Female,44.80.16.93
96,Rodolphe,MacDearmaid,rmacdearmaid2n@miibeian.gov.cn,Male,91.22.239.194
97,Minnaminnie,Cars,mcars2o@geocities.jp,Female,141.10.227.214
98,Ema,Harrison,eharrison2p@ycombinator.com,Female,159.15.104.124
99,Madison,Minard,mminard2q@blinklist.com,Male,120.164.241.177
100,Lennie,Dunster,ldunster2r@google.es,Male,114.2.67.68
