id,first_name,last_name,email,gender,ip_address
1,Ellis,Manie,emanie0@tmall.com,Male,81.252.29.248
2,Shelby,Rubenfeld,srubenfeld1@globo.com,Female,244.22.181.28
3,Jori,Brickhill,jbrickhill2@uol.com.br,Female,236.31.227.48
4,Adriaens,MacGarvey,amacgarvey3@merriam-webster.com,Female,72.145.84.234
5,Job,Burehill,jburehill4@princeton.edu,Male,46.123.206.13
6,Jeanna,Fullerd,jfullerd5@deviantart.com,Bigender,179.20.105.223
7,Inglebert,Gingel,igingel6@paypal.com,Male,191.247.47.70
8,Hilliard,Riddoch,hriddoch7@ft.com,Male,128.159.155.39
9,Joycelin,Dowbakin,jdowbakin8@wiley.com,Female,212.122.112.207
10,Keane,Colthard,kcolthard9@nasa.gov,Male,59.68.250.233
11,Marin,Hourihan,mhourihana@4shared.com,Female,15.40.170.103
12,Alair,McGilben,amcgilbenb@addtoany.com,Male,49.126.161.209
13,Felicio,Hornbuckle,fhornbucklec@soundcloud.com,Male,248.13.101.223
14,Port,Gallico,pgallicod@tripod.com,Male,56.19.159.44
15,Jerrold,Clelland,jclellande@yelp.com,Male,198.107.70.191
16,Benedicta,Trelevan,btrelevanf@icq.com,Female,101.86.174.65
17,Merell,Guilliatt,mguilliattg@barnesandnoble.com,Male,80.113.101.229
18,Paton,MacKintosh,pmackintoshh@ucoz.com,Genderfluid,177.163.150.158
19,Katy,Benam,kbenami@tinypic.com,Female,0.219.244.92
20,Griz,Gartin,ggartinj@wikipedia.org,Male,205.163.128.172
21,Virgil,Drew-Clifton,vdrewcliftonk@vk.com,Male,92.26.92.184
22,Shirlee,Meece,smeecel@newyorker.com,Female,242.164.161.109
23,Angie,McGillicuddy,amcgillicuddym@smugmug.com,Male,203.249.9.103
24,Berna,Brack,bbrackn@dyndns.org,Female,167.110.243.49
25,Carny,Jammet,cjammeto@samsung.com,Male,174.158.29.159
26,Theresa,Lippiatt,tlippiattp@ucsd.edu,Female,25.183.136.167
27,Shirleen,Dilgarno,sdilgarnoq@1und1.de,Female,16.72.220.45
28,Aretha,Acarson,aacarsonr@oaic.gov.au,Female,232.82.230.95
29,Olin,Louden,oloudens@networkadvertising.org,Male,166.177.21.79
30,Andrew,Dumbleton,adumbletont@51.la,Male,95.59.42.44
31,Jerrine,McCartney,jmccartneyu@elegantthemes.com,Female,97.216.77.205
32,Janessa,Lies,jliesv@nba.com,Female,214.194.60.194
33,Teressa,Fominov,tfominovw@usnews.com,Female,237.223.246.240
34,Verina,Coots,vcootsx@yale.edu,Female,27.26.26.180
35,Kain,Allberry,kallberryy@businesswire.com,Male,29.117.187.244
36,Nessi,Moseley,nmoseleyz@va.gov,Female,85.242.139.248
37,Ashien,Skidmore,askidmore10@cnbc.com,Female,250.121.31.164
38,Ulrich,Kimber,ukimber11@prnewswire.com,Male,192.179.130.215
39,Gardener,Uphill,guphill12@wikia.com,Male,100.216.203.120
40,Kim,Hay,khay13@amazon.com,Female,220.220.131.94
41,Felicle,Knoles,fknoles14@princeton.edu,Female,171.82.84.53
42,Sonja,Minto,sminto15@goo.ne.jp,Female,149.190.70.17
43,Abraham,Ianizzi,aianizzi16@cmu.edu,Male,100.68.55.127
44,Prentice,Roget,proget17@elegantthemes.com,Male,125.160.34.106
45,Janeen,Rawet,jrawet18@patch.com,Female,205.174.8.224
46,Karolina,McCullen,kmccullen19@washington.edu,Female,163.64.171.53
47,Georges,Hundal,ghundal1a@ted.com,Male,58.6.95.177
48,Darryl,Dufall,ddufall1b@pagesperso-orange.fr,Female,124.172.252.11
49,Wallace,Knowlden,wknowlden1c@imageshack.us,Male,32.184.182.37
50,Isis,Gladdis,igladdis1d@gov.uk,Female,244.167.99.22
51,Fanchette,Mote,fmote1e@a8.net,Female,13.193.226.67
52,Hattie,Sabattier,hsabattier1f@google.fr,Female,116.177.182.250
53,Welby,Borrill,wborrill1g@stanford.edu,Male,254.49.124.144
54,Frederica,Danzelman,fdanzelman1h@vimeo.com,Female,166.139.70.83
55,Frazer,Garrould,fgarrould1i@livejournal.com,Male,98.161.97.74
56,Gregg,Clague,gclague1j@tamu.edu,Genderfluid,231.116.167.163
57,Gregor,McLachlan,gmclachlan1k@odnoklassniki.ru,Male,207.70.136.227
58,Rickey,Pragnall,rpragnall1l@rambler.ru,Male,249.187.121.111
59,Felicio,Gogay,fgogay1m@stanford.edu,Male,126.80.220.141
60,Kathi,Greaves,kgreaves1n@google.com.br,Female,145.93.87.190
61,Maude,Shedden,mshedden1o@slashdot.org,Female,83.97.29.191
62,Ron,Machel,rmachel1p@engadget.com,Male,172.255.106.82
63,Madalena,Keaves,mkeaves1q@hud.gov,Genderqueer,36.45.100.178
64,Mike,Statefield,mstatefield1r@clickbank.net,Male,102.0.194.206
65,Rivkah,Eyree,reyree1s@devhub.com,Female,130.213.25.55
66,Harold,Bernocchi,hbernocchi1t@microsoft.com,Male,25.157.72.22
67,Bibi,Faulks,bfaulks1u@meetup.com,Female,133.207.244.107
68,Vittoria,Soitoux,vsoitoux1v@microsoft.com,Female,184.253.183.51
69,Germain,Kaesmakers,gkaesmakers1w@pinterest.com,Male,45.202.44.232
70,Mordy,McCrone,mmccrone1x@geocities.jp,Male,225.158.95.227
71,Natassia,Hue,nhue1y@youtube.com,Female,157.242.14.113
72,Clerissa,Layus,clayus1z@tmall.com,Female,155.198.131.167
73,Jeffie,Frango,jfrango20@cnet.com,Male,123.83.187.176
74,Arlen,Boynes,aboynes21@sphinn.com,Female,45.10.123.218
75,Reinaldos,Brockley,rbrockley22@hugedomains.com,Male,165.135.216.101
76,Ailee,Stefi,astefi23@plala.or.jp,Female,181.213.73.247
77,Wat,Harkus,wharkus24@4shared.com,Male,117.104.252.234
78,Kristopher,Scroggs,kscroggs25@imageshack.us,Agender,52.146.238.179
79,Silas,Fassman,sfassman26@boston.com,Polygender,184.70.21.37
80,Bertie,Daburn,bdaburn27@symantec.com,Female,134.54.66.253
81,Herb,Charville,hcharville28@whitehouse.gov,Non-binary,121.37.91.190
82,Marthe,Adnams,madnams29@gnu.org,Female,52.176.104.7
83,Irwin,Witnall,iwitnall2a@smugmug.com,Male,198.42.58.148
84,Curr,Chittock,cchittock2b@mysql.com,Male,252.9.9.56
85,Madel,Charge,mcharge2c@admin.ch,Female,212.162.16.203
86,Salvatore,Gyngell,sgyngell2d@merriam-webster.com,Male,152.201.221.97
87,Phylys,Bills,pbills2e@ucla.edu,Agender,108.115.28.222
88,Marnie,Santos,msantos2f@auda.org.au,Female,87.33.166.244
89,Rodi,Iacopetti,riacopetti2g@npr.org,Female,70.98.116.123
90,Carmelita,Lamkin,clamkin2h@usnews.com,Female,97.191.135.199
91,Rory,Troyes,rtroyes2i@t.co,Female,13.253.159.160
92,Bradly,Birkmyre,bbirkmyre2j@ezinearticles.com,Male,81.156.88.1
93,Jerri,Charlon,jcharlon2k@furl.net,Male,223.155.60.206
94,Evaleen,Elner,eelner2l@mtv.com,Female,224.91.78.12
95,Modesta,Ianson,mianson2m@dagondesign.com,Genderfluid,175.126.138.189
96,Annabel,Deex,adeex2n@hud.gov,Female,88.19.229.126
97,Lorette,Savatier,lsavatier2o@google.co.jp,Female,8.227.0.224
98,Wenda,Tippin,wtippin2p@pcworld.com,Female,109.20.138.231
99,Wang,Ebrall,webrall2q@i2i.jp,Male,241.4.121.166
100,Lilllie,Bending,lbending2r@java.com,Female,223.30.198.82
101,Amelie,Bruni,abruni2s@aol.com,Female,22.109.129.35
102,Barbette,Ortsmann,bortsmann2t@ed.gov,Female,81.76.52.136
103,Gerry,Cuddehay,gcuddehay2u@xing.com,Male,107.85.33.8
104,Henry,Taveriner,htaveriner2v@si.edu,Male,71.161.236.170
105,Caesar,Lambotin,clambotin2w@scientificamerican.com,Male,224.190.101.209
106,Penelope,Gookes,pgookes2x@behance.net,Female,139.227.233.81
107,Eliot,Gillie,egillie2y@acquirethisname.com,Male,61.91.184.249
108,Edee,Laight,elaight2z@dailymail.co.uk,Female,64.210.232.130
109,Bradney,Sangra,bsangra30@usgs.gov,Male,189.21.35.254
110,Hedwig,Dikes,hdikes31@phpbb.com,Female,106.153.255.59
111,Nealson,Hallede,nhallede32@guardian.co.uk,Male,22.248.197.240
112,Effie,Snook,esnook33@furl.net,Female,50.252.194.7
113,Elsa,Durie,edurie34@bluehost.com,Female,213.148.31.134
114,Sibyl,Dalgarnowch,sdalgarnowch35@ihg.com,Female,194.188.87.164
115,Deborah,Pallent,dpallent36@globo.com,Female,144.38.130.61
116,Staffard,McLaverty,smclaverty37@hubpages.com,Male,207.124.213.141
117,Fleming,Grahamslaw,fgrahamslaw38@fda.gov,Male,124.119.37.154
118,Flore,Luisetti,fluisetti39@whitehouse.gov,Female,195.138.219.152
119,Myrlene,Lenton,mlenton3a@businesswire.com,Female,24.8.46.199
120,Howard,Sisson,hsisson3b@adobe.com,Male,205.229.59.66
