id,first_name,last_name,email,gender,ip_address
1,Aldo,Bolesworth,abolesworth0@dedecms.com,Male,78.123.28.237
2,Bren,Yerrell,byerrell1@shop-pro.jp,Female,243.98.239.149
3,Monty,Costen,mcosten2@newyorker.com,Male,236.137.15.99
4,Raoul,Gaunter,rgaunter3@bloglines.com,Male,17.211.191.184
5,Hazel,Puttrell,hputtrell4@reuters.com,Male,186.73.145.173
6,Jerald,Stive,jstive5@sfgate.com,Male,85.69.62.125
7,Rosy,Atteridge,ratteridge6@so-net.ne.jp,Female,101.34.207.251
8,Kitti,Saller,ksaller7@opensource.org,Female,75.60.177.48
9,Ashley,Dexter,adexter8@xing.com,Genderfluid,153.91.197.235
10,Shane,Girsch,sgirsch9@elpais.com,Female,177.27.212.59
11,Jobi,Herkess,jherkessa@sbwire.com,Female,149.9.209.59
12,Simone,Clarke,sclarkeb@smh.com.au,Non-binary,88.134.29.155
13,Simon,d' Elboux,sdelbouxc@google.it,Male,127.218.244.224
14,Laureen,Taffee,ltaffeed@wikipedia.org,Female,168.60.101.20
15,Theodora,Skerratt,tskerratte@networksolutions.com,Female,80.209.155.51
16,Otho,Dunsford,odunsfordf@opera.com,Male,149.183.115.238
17,Crista,Chase,cchaseg@biblegateway.com,Female,127.240.247.189
18,Marty,Eliyahu,meliyahuh@topsy.com,Female,203.209.104.28
19,Gigi,Fullman,gfullmani@artisteer.com,Female,194.21.84.167
20,Aryn,Mees,ameesj@go.com,Genderfluid,2.8.93.35
21,Garrot,Lownds,glowndsk@umn.edu,Male,127.168.205.212
22,Zoe,Gethins,zgethinsl@bing.com,Female,12.24.178.221
23,Nichol,Popov,npopovm@nasa.gov,Female,70.58.43.151
24,Terri,Dils,tdilsn@examiner.com,Female,9.6.49.121
25,Cobby,Queen,cqueeno@nyu.edu,Male,239.66.14.245
26,Almeria,Segoe,asegoep@squarespace.com,Female,184.69.221.195
27,Annnora,Kite,akiteq@va.gov,Non-binary,244.92.222.4
28,Rivi,Lunny,rlunnyr@cbsnews.com,Female,159.4.128.192
29,Baird,Jinks,bjinkss@wordpress.com,Male,167.4.82.66
30,Der,Pillans,dpillanst@sakura.ne.jp,Male,152.166.236.245
31,Binnie,Meneux,bmeneuxu@about.com,Female,193.105.136.61
32,Hamil,Tilburn,htilburnv@yahoo.com,Male,233.49.41.17
33,Frayda,Lytton,flyttonw@free.fr,Female,145.252.164.215
34,Myrle,Trill,mtrillx@nytimes.com,Female,209.10.80.103
35,Fritz,Wardhaw,fwardhawy@yahoo.com,Male,132.53.168.153
36,Remy,Yannoni,ryannoniz@list-manage.com,Female,229.15.230.115
37,Gretna,Curl,gcurl10@t-online.de,Female,52.243.114.214
38,Nell,Killoran,nkilloran11@meetup.com,Female,154.164.198.248
39,Jacinthe,Gauche,jgauche12@mail.ru,Female,85.8.172.145
40,Mathew,Halpeine,mhalpeine13@miitbeian.gov.cn,Male,62.240.14.18
41,Claudio,Wyllcocks,cwyllcocks14@apache.org,Male,253.161.83.236
42,Avivah,Bantham,abantham15@sohu.com,Female,220.149.168.65
43,Jaymie,Newvill,jnewvill16@unc.edu,Male,10.79.78.74
44,Shannah,Bernardot,sbernardot17@unicef.org,Genderqueer,9.57.121.113
45,Bryn,Mordanti,bmordanti18@youtube.com,Male,86.72.187.228
46,Lorin,Huntley,lhuntley19@hostgator.com,Male,13.206.7.64
47,Hayward,Bottinelli,hbottinelli1a@woothemes.com,Male,98.20.205.196
48,Ilaire,Whittlesee,iwhittlesee1b@slate.com,Male,127.62.91.195
49,Carla,Tourle,ctourle1c@cbc.ca,Female,181.149.204.117
50,Colman,Duckwith,cduckwith1d@mac.com,Bigender,233.195.44.91
51,Aliza,Devenport,adevenport1e@webeden.co.uk,Female,171.195.35.138
52,Diann,Gayforth,dgayforth1f@theatlantic.com,Agender,235.133.142.110
53,Georges,Ivie,givie1g@who.int,Male,128.7.37.155
54,Raine,Foxon,rfoxon1h@nature.com,Female,129.97.235.19
55,Seka,Kentwell,skentwell1i@goo.gl,Female,209.189.203.155
56,Allison,Barnshaw,abarnshaw1j@jugem.jp,Bigender,228.223.211.180
57,Merl,Dellow,mdellow1k@comcast.net,Female,84.80.89.16
58,Roderick,Lefeuvre,rlefeuvre1l@state.gov,Male,61.166.161.122
59,Stern,Ditzel,sditzel1m@ehow.com,Male,69.123.207.140
60,Kissie,Work,kwork1n@washingtonpost.com,Female,121.95.1.128
61,Rikki,Hanrott,rhanrott1o@pcworld.com,Male,31.49.249.103
62,Avis,Danat,adanat1p@nasa.gov,Bigender,75.160.53.162
63,Eunice,McPhelimey,emcphelimey1q@telegraph.co.uk,Non-binary,156.141.152.169
64,Brewster,Solly,bsolly1r@privacy.gov.au,Male,112.33.190.94
65,Romain,Lamers,rlamers1s@npr.org,Male,3.231.223.78
66,Angie,Grishelyov,agrishelyov1t@cyberchimps.com,Male,56.125.149.116
67,Ximenes,Meaddowcroft,xmeaddowcroft1u@abc.net.au,Male,21.23.36.253
68,Sela,Gutman,sgutman1v@soundcloud.com,Bigender,156.171.255.3
69,Alister,Dahlgren,adahlgren1w@patch.com,Male,64.15.66.172
70,Roderick,Davenall,rdavenall1x@earthlink.net,Male,222.113.109.164
71,Neil,Parkin,nparkin1y@youku.com,Male,38.49.17.242
72,Serge,Arnopp,sarnopp1z@about.com,Male,122.251.48.170
73,Persis,Ugolini,pugolini20@ow.ly,Female,94.62.53.97
74,Orazio,Sommerville,osommerville21@hexun.com,Male,202.252.177.115
75,Aldus,Washtell,awashtell22@cam.ac.uk,Male,178.50.165.125
76,Nickolas,Lade,nlade23@de.vu,Male,81.155.164.112
77,Webb,Gummary,wgummary24@chronoengine.com,Genderfluid,47.7.26.50
78,Reena,Pudsey,rpudsey25@youtube.com,Female,38.207.15.66
79,Orin,Kerins,okerins26@altervista.org,Male,224.90.84.143
80,Vernen,Satterly,vsatterly27@princeton.edu,Male,228.158.88.14
81,Somerset,Hellin,shellin28@jigsy.com,Male,189.217.151.23
82,Inger,Roden,iroden29@omniture.com,Female,131.164.50.27
83,Rania,Matterson,rmatterson2a@shop-pro.jp,Female,203.215.161.246
84,Camey,Cogar,ccogar2b@desdev.cn,Male,35.149.248.79
85,Modesty,O'Cleary,mocleary2c@e-recht24.de,Female,12.38.36.177
86,Margarette,Seabrooke,mseabrooke2d@slate.com,Female,157.224.242.87
87,Deny,Buttwell,dbuttwell2e@delicious.com,Female,64.90.7.157
88,Collen,Wilfing,cwilfing2f@washingtonpost.com,Female,254.30.107.59
89,Hubey,Tremoulet,htremoulet2g@surveymonkey.com,Genderqueer,61.108.240.0
90,Robinson,Joanic,rjoanic2h@moonfruit.com,Male,33.104.39.164
91,Jandy,Erb,jerb2i@over-blog.com,Female,244.189.106.180
92,Lloyd,Nassi,lnassi2j@vkontakte.ru,Male,198.120.52.146
93,Belicia,Brito,bbrito2k@xrea.com,Female,192.245.49.63
94,Moira,Notton,mnotton2l@fotki.com,Female,150.79.95.109
95,Charley,Cowdray,ccowdray2m@earthlink.net,Male,37.128.148.253
96,Alleyn,Morlon,amorlon2n@china.com.cn,Male,126.55.29.186
97,Winifred,Pigford,wpigford2o@senate.gov,Female,219.239.30.138
98,Merv,Norkutt,mnorkutt2p@cdbaby.com,Male,25.173.101.103
99,Dalt,Hubbins,dhubbins2q@domainmarket.com,Male,63.44.159.205
100,Rosanne,Itzhayek,ritzhayek2r@storify.com,Female,22.6.171.75
101,Harmonie,Fishwick,hfishwick2s@prlog.org,Female,228.68.14.79
102,Cori,Gloves,cgloves2t@ihg.com,Bigender,38.190.26.133
103,Trenna,MacCole,tmaccole2u@hugedomains.com,Female,33.162.169.225
104,Heather,Murgatroyd,hmurgatroyd2v@nps.gov,Female,175.23.245.76
105,Ruthi,Kimmons,rkimmons2w@feedburner.com,Female,139.164.89.190
106,Marji,Mortimer,mmortimer2x@1688.com,Female,134.234.136.177
107,Clotilda,Rankmore,crankmore2y@mlb.com,Female,43.52.229.183
108,Clair,Berrow,cberrow2z@home.pl,Male,191.177.137.182
109,Chrisse,Whitland,cwhitland30@ezinearticles.com,Male,204.66.174.98
110,Rebecca,Proom,rproom31@google.ru,Female,141.248.207.62
