id,first_name,last_name,email,gender,ip_address
1,Dannie,Warton,dwarton0@mlb.com,Male,87.115.79.126
2,Dyane,Dore,ddore1@t-online.de,Female,85.41.250.110
3,Gay,Stolli,gstolli2@latimes.com,Genderqueer,163.193.231.232
4,Doro,Dhennin,ddhennin3@sitemeter.com,Female,175.92.72.14
5,Mariele,Shearmur,mshearmur4@rediff.com,Female,209.61.207.1
6,Darrick,Mohan,dmohan5@mtv.com,Male,172.244.35.222
7,Cicily,Smallpeace,csmallpeace6@newsvine.com,Female,91.85.164.35
8,Edithe,Pearl,epearl7@dailymotion.com,Female,173.143.19.156
9,Caresse,Le Pine,clepine8@imgur.com,Female,182.84.157.18
10,Virgilio,Freeborne,vfreeborne9@imageshack.us,Male,143.83.230.75
11,Vincenty,Robathon,vrobathona@bing.com,Male,103.180.146.69
12,Jenna,Gitsham,jgitshamb@pcworld.com,Female,32.114.200.186
13,Johnnie,Coggan,jcogganc@opensource.org,Bigender,68.69.49.144
14,Codi,Elgar,celgard@theglobeandmail.com,Female,180.122.193.152
15,Camellia,Maryott,cmaryotte@tumblr.com,Female,150.149.6.173
16,Halsey,Ziebart,hziebartf@loc.gov,Male,92.208.49.154
17,Lianna,Deem,ldeemg@flickr.com,Female,178.130.166.102
18,Josefina,Foulsham,jfoulshamh@opera.com,Female,77.159.187.7
19,Sansone,Joontjes,sjoontjesi@usnews.com,Male,216.63.28.73
20,Zebulen,Shulver,zshulverj@google.pl,Male,14.6.129.115
21,Suzann,Drabble,sdrabblek@yahoo.com,Bigender,234.233.45.46
22,Myriam,Purchon,mpurchonl@uiuc.edu,Female,79.179.12.16
23,Mia,Beynon,mbeynonm@patch.com,Non-binary,103.130.221.252
24,Alfy,Boltwood,aboltwoodn@kickstarter.com,Male,95.51.210.90
25,Torrie,Oneill,toneillo@ebay.com,Female,49.32.140.67
26,Cora,Di Carli,cdicarlip@nih.gov,Female,9.219.243.47
27,Brnaby,Grimble,bgrimbleq@wsj.com,Male,82.220.4.232
28,Vincenty,Cella,vcellar@slideshare.net,Male,179.219.171.230
29,Berk,Amner,bamners@feedburner.com,Male,208.148.60.119
30,Phoebe,Crankhorn,pcrankhornt@arstechnica.com,Female,237.209.225.132
31,Findley,Arnson,farnsonu@comsenz.com,Male,97.52.50.107
32,Nathanael,Culkin,nculkinv@shutterfly.com,Genderqueer,217.66.246.220
33,Paquito,Chamberlaine,pchamberlainew@w3.org,Male,187.120.51.252
34,Kacy,Hellwig,khellwigx@elegantthemes.com,Female,131.135.153.98
35,Cly,Surridge,csurridgey@adobe.com,Male,157.158.193.160
36,Darelle,Jeanneau,djeanneauz@booking.com,Female,226.54.144.53
37,Fanchon,Dinley,fdinley10@istockphoto.com,Female,189.128.101.181
38,Eberhard,Sancias,esancias11@bbc.co.uk,Male,28.13.234.27
39,Barbaraanne,Mattheeuw,bmattheeuw12@tripadvisor.com,Female,206.198.188.54
40,Florencia,Oleksinski,foleksinski13@reddit.com,Female,193.24.38.168
41,Tobiah,Abatelli,tabatelli14@washington.edu,Male,220.150.42.121
42,Rey,Ledes,rledes15@ovh.net,Female,168.124.42.0
43,Arleyne,Rhymes,arhymes16@mediafire.com,Female,189.197.90.95
44,Lek,Cotman,lcotman17@nbcnews.com,Male,252.187.129.125
45,Suzanna,Reuther,sreuther18@ihg.com,Genderfluid,7.11.131.21
46,Dael,Polglase,dpolglase19@craigslist.org,Male,94.157.20.101
47,Fredrika,Farnham,ffarnham1a@4shared.com,Female,97.67.52.191
48,Nobie,Hassewell,nhassewell1b@cbslocal.com,Male,192.95.52.211
49,Thaxter,Ellard,tellard1c@elpais.com,Non-binary,55.144.148.237
50,Vera,Denzey,vdenzey1d@gmpg.org,Female,135.62.54.50
51,Sandra,Spaunton,sspaunton1e@google.de,Female,94.207.44.107
52,Francine,Johananov,fjohananov1f@upenn.edu,Female,38.172.49.63
53,Dorey,MacTerrelly,dmacterrelly1g@latimes.com,Male,8.41.190.140
54,Virgilio,Kneebone,vkneebone1h@stumbleupon.com,Bigender,68.137.208.27
55,Hammad,Polon,hpolon1i@wisc.edu,Male,21.250.199.227
56,Valeria,Hofer,vhofer1j@slideshare.net,Female,180.48.202.87
57,Toby,Aynsley,taynsley1k@msn.com,Non-binary,49.198.121.104
58,Ham,Merwede,hmerwede1l@discuz.net,Male,66.88.58.140
59,Fernando,Phalp,fphalp1m@delicious.com,Genderqueer,0.20.177.27
60,Von,Hallaways,vhallaways1n@amazonaws.com,Male,55.52.37.66
61,Beverie,Cranage,bcranage1o@theguardian.com,Female,238.59.105.36
62,Bob,Nenci,bnenci1p@topsy.com,Male,171.24.80.188
63,Aylmar,Winspurr,awinspurr1q@example.com,Agender,146.149.42.164
64,Kyle,Ramsbotham,kramsbotham1r@seesaa.net,Bigender,9.102.125.111
65,Yorker,Wong,ywong1s@tripadvisor.com,Male,16.106.18.3
66,Wolfgang,MacDunleavy,wmacdunleavy1t@pinterest.com,Male,20.164.53.57
67,Marcile,Thurber,mthurber1u@patch.com,Female,242.181.38.37
68,Rolando,Cohn,rcohn1v@webs.com,Male,156.197.59.225
69,Damian,Davidge,ddavidge1w@dmoz.org,Male,95.246.114.35
70,Ami,Terris,aterris1x@nifty.com,Female,13.81.92.71
71,Melisse,Jeune,mjeune1y@skyrock.com,Female,64.113.67.188
72,Nikos,Colomb,ncolomb1z@webnode.com,Male,62.53.60.83
73,Betsy,Hachard,bhachard20@wufoo.com,Female,127.94.158.228
74,Muire,Aylesbury,maylesbury21@linkedin.com,Female,47.0.108.93
75,Stella,Bellefant,sbellefant22@1und1.de,Female,62.72.155.17
76,Adriaens,Wandrach,awandrach23@mayoclinic.com,Female,47.62.91.194
77,Blake,Sherrum,bsherrum24@ning.com,Female,96.102.107.59
78,Drucy,Bruneton,dbruneton25@123-reg.co.uk,Genderqueer,30.199.28.104
79,Celine,Grigs,cgrigs26@webeden.co.uk,Bigender,233.201.191.1
80,Julietta,Darey,jdarey27@odnoklassniki.ru,Female,231.3.152.247
81,Christiane,Casoni,ccasoni28@newsvine.com,Female,37.207.7.152
82,Toby,Leet,tleet29@gov.uk,Male,114.237.133.147
83,Bancroft,Jerrams,bjerrams2a@imgur.com,Male,242.104.209.214
84,Zara,Pelz,zpelz2b@deliciousdays.com,Female,93.3.218.145
85,Roby,Lyal,rlyal2c@xinhuanet.com,Female,33.145.10.229
86,Bastien,Greyes,bgreyes2d@de.vu,Male,245.147.100.229
87,Hamid,Brittoner,hbrittoner2e@economist.com,Male,188.58.178.167
88,Tessa,Ramiro,tramiro2f@soup.io,Female,97.75.211.50
89,Alane,Grimsditch,agrimsditch2g@mapquest.com,Non-binary,98.248.239.179
90,Anatol,Clayhill,aclayhill2h@pinterest.com,Male,63.55.63.241
91,Lemmy,Pounsett,lpounsett2i@webeden.co.uk,Male,177.11.166.225
92,Hercules,Gummory,hgummory2j@mit.edu,Male,102.179.109.157
93,Myrta,Ghirardi,mghirardi2k@paypal.com,Female,98.17.245.98
94,Dreddy,Vaz,dvaz2l@weebly.com,Female,5.245.3.12
95,Adela,Solomon,asolomon2m@globo.com,Female,81.81.245.78
96,Joelly,Gariff,jgariff2n@desdev.cn,Female,3.215.179.149
97,Benedetto,Gallager,bgallager2o@digg.com,Male,195.122.204.36
98,Silvester,Doerffer,sdoerffer2p@cdbaby.com,Male,4.171.221.14
99,Lorenzo,Goady,lgoady2q@dell.com,Male,132.111.226.138
100,Caty,Suttell,csuttell2r@123-reg.co.uk,Female,92.186.217.30
