id,first_name,last_name,email,gender,ip_address
1,Chrissie,Moneti,cmoneti0@google.pl,Male,73.186.49.49
2,Karoline,Mozzetti,kmozzetti1@hostgator.com,Female,12.37.240.160
3,Pate,McCuaig,pmccuaig2@exblog.jp,Male,161.61.0.80
4,Kendall,Cano,kcano3@businesswire.com,Male,158.214.0.125
5,Alessandra,Ackhurst,aackhurst4@whitehouse.gov,Female,42.38.19.67
6,Kaspar,Bricham,kbricham5@miitbeian.gov.cn,Male,186.233.58.142
7,Rawley,Neissen,rneissen6@bbc.co.uk,Male,178.17.251.5
8,Moreen,Crafts,mcrafts7@cocolog-nifty.com,Female,156.209.201.250
9,Clifford,Youell,cyouell8@netvibes.com,Male,38.204.80.155
10,Adelheid,Kimberley,akimberley9@facebook.com,Female,70.230.150.167
11,Marmaduke,Sherlaw,msherlawa@ft.com,Male,218.30.32.229
12,Octavia,Rosina,orosinab@fastcompany.com,Genderqueer,255.211.176.191
13,Chucho,MacShirie,cmacshiriec@people.com.cn,Male,206.59.176.7
14,Angelle,Richarson,aricharsond@ameblo.jp,Female,81.238.55.5
15,Jyoti,Comusso,jcomussoe@tuttocitta.it,Female,26.70.52.60
16,Osmund,Mattioni,omattionif@dyndns.org,Male,199.233.163.143
17,Joceline,Turnbull,jturnbullg@weebly.com,Female,225.222.226.205
18,Grazia,Coultar,gcoultarh@spotify.com,Agender,207.103.194.6
19,Audre,McGillacoell,amcgillacoelli@wikia.com,Female,141.28.136.84
20,Lucilia,Oldred,loldredj@noaa.gov,Female,223.220.253.247
21,Bernadine,Estrella,bestrellak@dyndns.org,Female,79.218.254.221
22,Bunny,Grinnell,bgrinnelll@wisc.edu,Female,86.99.80.18
23,Garald,Leatherborrow,gleatherborrowm@chicagotribune.com,Male,232.109.108.255
24,Tammy,Handforth,thandforthn@desdev.cn,Female,97.11.139.182
25,Isadore,Creenan,icreenano@hc360.com,Male,154.149.25.158
26,Homere,Dowdell,hdowdellp@samsung.com,Male,141.240.47.126
27,Dwayne,O' Hanvey,dohanveyq@examiner.com,Male,144.146.17.67
28,Garey,Sutheran,gsutheranr@zimbio.com,Male,60.205.88.218
29,Cross,Simpole,csimpoles@storify.com,Male,53.187.191.66
30,Gillan,Thatcham,gthatchamt@icio.us,Female,203.103.3.82
31,Worthy,Todari,wtodariu@skype.com,Polygender,222.54.119.64
32,Renee,Wombwell,rwombwellv@cam.ac.uk,Female,46.209.6.203
33,Ray,Widdecombe,rwiddecombew@sphinn.com,Male,85.245.80.200
34,Wendeline,Upham,wuphamx@cyberchimps.com,Female,104.234.80.31
35,Ford,Rawsthorne,frawsthorney@barnesandnoble.com,Male,0.211.77.251
36,Wolfgang,Salzberger,wsalzbergerz@guardian.co.uk,Polygender,109.229.194.23
37,Ian,Hulburd,ihulburd10@pbs.org,Male,229.61.213.177
38,Carrol,Avrahamian,cavrahamian11@spotify.com,Male,130.104.101.232
39,Aarika,Prandoni,aprandoni12@furl.net,Female,143.212.2.252
40,Brad,Woodthorpe,bwoodthorpe13@sciencedaily.com,Male,204.254.25.86
41,Murial,Garwell,mgarwell14@t-online.de,Polygender,87.21.67.157
42,Marget,Werrit,mwerrit15@narod.ru,Female,144.46.228.30
43,Yank,Pilmoor,ypilmoor16@hc360.com,Male,223.4.81.4
44,Hamnet,Ekins,hekins17@naver.com,Male,120.101.182.42
45,Hobey,Hargraves,hhargraves18@msn.com,Male,73.14.69.95
46,Korie,Stibbs,kstibbs19@multiply.com,Female,153.35.43.209
47,Selestina,Garm,sgarm1a@feedburner.com,Female,111.212.96.243
48,Carlin,Jiroudek,cjiroudek1b@51.la,Polygender,86.58.80.101
49,Julie,Wratten,jwratten1c@sciencedaily.com,Male,58.140.205.3
50,Frederigo,Herkess,fherkess1d@github.com,Male,178.251.161.0
51,Elayne,Schirak,eschirak1e@pagesperso-orange.fr,Female,41.55.186.216
52,Dewitt,Tolwood,dtolwood1f@reddit.com,Non-binary,183.123.120.120
53,Melisa,Senton,msenton1g@tinypic.com,Female,177.177.119.239
54,Tommie,Kerrigan,tkerrigan1h@last.fm,Male,241.224.145.126
55,Becki,Aikman,baikman1i@squidoo.com,Female,43.207.101.84
56,Tades,Sauven,tsauven1j@pen.io,Male,198.60.5.156
57,Evy,Pottberry,epottberry1k@theguardian.com,Female,82.212.11.16
58,Perl,Cann,pcann1l@google.com,Female,12.3.23.167
59,Stearn,Swindells,sswindells1m@feedburner.com,Agender,94.54.65.208
60,Kriste,Simonian,ksimonian1n@oaic.gov.au,Female,163.126.122.30
61,Hinze,Leehane,hleehane1o@thetimes.co.uk,Male,146.99.192.159
62,Monti,Markham,mmarkham1p@cmu.edu,Male,151.250.27.136
63,Gwenneth,Salmen,gsalmen1q@noaa.gov,Female,42.218.29.4
64,Hatti,Sawyer,hsawyer1r@rakuten.co.jp,Female,229.55.91.36
65,Hastings,Hutcheon,hhutcheon1s@fda.gov,Male,188.244.106.122
66,Koenraad,Piddletown,kpiddletown1t@nhs.uk,Male,200.133.225.39
67,Davon,Pearse,dpearse1u@sitemeter.com,Genderqueer,187.74.85.7
68,Holmes,Ballham,hballham1v@stanford.edu,Male,24.191.52.38
69,Kacy,Cribbott,kcribbott1w@economist.com,Female,105.218.128.234
70,Buck,Spriggs,bspriggs1x@icq.com,Male,131.69.121.5
71,Jeremy,Stalley,jstalley1y@bigcartel.com,Male,242.222.227.20
72,Elset,Blackden,eblackden1z@delicious.com,Female,171.233.73.179
73,Daniella,Gundrey,dgundrey20@pbs.org,Polygender,193.46.15.37
74,Kingsley,Warsop,kwarsop21@studiopress.com,Male,190.50.169.92
75,Stephi,Davitashvili,sdavitashvili22@mashable.com,Polygender,56.162.61.63
76,Lotti,Elsdon,lelsdon23@icio.us,Female,176.217.216.71
77,Colin,Brecken,cbrecken24@marketwatch.com,Male,252.248.115.16
78,Briney,Halleybone,bhalleybone25@tmall.com,Female,151.95.46.203
79,Tate,Guyver,tguyver26@yellowpages.com,Female,202.167.172.249
80,Dory,Tinker,dtinker27@squidoo.com,Male,242.9.132.53
81,Puff,Argo,pargo28@delicious.com,Male,112.16.186.242
82,Fraze,Zipsell,fzipsell29@unblog.fr,Male,70.115.38.252
83,Louis,Moxsom,lmoxsom2a@wiley.com,Male,45.244.29.149
84,Fleur,Mechan,fmechan2b@yahoo.com,Female,159.193.136.223
85,Ingamar,Galliard,igalliard2c@cpanel.net,Male,176.107.52.177
86,Morgen,Bertwistle,mbertwistle2d@aboutads.info,Non-binary,250.199.230.156
87,Doug,Thorn,dthorn2e@devhub.com,Male,34.86.202.143
88,Kipper,Kleehuhler,kkleehuhler2f@squarespace.com,Male,216.212.82.145
89,Wernher,Voaden,wvoaden2g@geocities.com,Male,183.120.95.136
90,Phylis,Frangione,pfrangione2h@qq.com,Female,56.187.207.85
91,Sig,Kynge,skynge2i@wp.com,Male,231.19.33.81
92,Cookie,Dods,cdods2j@behance.net,Female,190.109.174.72
93,Sheelagh,Mettericke,smettericke2k@quantcast.com,Female,56.126.149.98
94,Norby,Hallitt,nhallitt2l@wikia.com,Male,143.152.179.16
95,Frederico,Jencey,fjencey2m@jugem.jp,Male,145.24.105.63
96,Andriette,Gullyes,agullyes2n@wordpress.com,Female,54.97.206.51
97,Meredith,Limeburn,mlimeburn2o@cpanel.net,Female,242.105.168.102
98,Demetris,Scothorne,dscothorne2p@hexun.com,Female,38.4.11.201
99,Mack,Beeres,mbeeres2q@loc.gov,Male,174.52.190.198
100,Leonhard,Espine,lespine2r@cbslocal.com,Male,171.118.240.155
101,Richard,Kelloch,rkelloch2s@spiegel.de,Male,55.136.138.98
102,Stern,Lemm,slemm2t@state.tx.us,Male,192.154.118.103
103,Fletcher,Nand,fnand2u@tiny.cc,Male,187.35.220.92
104,Gracia,Pierton,gpierton2v@ed.gov,Genderqueer,188.203.177.191
105,Berton,Eul,beul2w@apache.org,Male,189.92.51.199
106,Frazier,Kemster,fkemster2x@wix.com,Male,229.57.85.178
107,Joey,Ilyas,jilyas2y@furl.net,Male,87.102.165.1
108,Daren,Skalls,dskalls2z@admin.ch,Male,58.77.1.41
109,Maxi,Sykora,msykora30@wordpress.org,Female,223.78.216.49
110,Annabel,Pauli,apauli31@ehow.com,Agender,34.13.131.24
111,Flor,Sobieski,fsobieski32@google.cn,Female,31.44.35.228
112,Jard,Purnell,jpurnell33@cloudflare.com,Male,118.74.50.216
113,Georg,Geydon,ggeydon34@columbia.edu,Male,171.184.69.113
114,Jayme,Pimme,jpimme35@wp.com,Female,102.144.166.116
115,Halie,Paler,hpaler36@jugem.jp,Female,177.24.12.21
116,Ernie,Keefe,ekeefe37@ustream.tv,Male,178.90.90.216
117,Chrysler,Pinchbeck,cpinchbeck38@alibaba.com,Female,188.68.20.43
118,Milka,Brickhill,mbrickhill39@domainmarket.com,Female,96.229.214.116
119,Lavina,Likely,llikely3a@princeton.edu,Female,148.219.4.125
120,Barbabra,Tuckerman,btuckerman3b@hhs.gov,Female,8.60.145.20
121,Henrie,Elijahu,helijahu3c@wufoo.com,Female,200.7.217.25
122,Teador,Heel,theel3d@ox.ac.uk,Male,239.251.212.184
123,Javier,Josefowicz,jjosefowicz3e@google.es,Male,39.7.244.62
124,Abie,Hassell,ahassell3f@bigcartel.com,Agender,55.105.253.4
125,Patricia,Stalf,pstalf3g@state.tx.us,Female,242.248.117.32
126,Conrade,Bernini,cbernini3h@smugmug.com,Male,118.123.123.166
127,Wyn,Bloxham,wbloxham3i@ask.com,Bigender,91.174.193.244
128,Jemie,Wellen,jwellen3j@altervista.org,Female,86.145.117.238
129,Lorraine,Paragreen,lparagreen3k@goo.gl,Female,222.121.103.157
130,Darrel,Giorgiutti,dgiorgiutti3l@telegraph.co.uk,Male,90.67.20.75
131,Nelie,Sarfati,nsarfati3m@pagesperso-orange.fr,Female,33.70.116.231
132,Francois,O'Hdirscoll,fohdirscoll3n@state.gov,Male,106.37.204.233
133,Forrest,Craydon,fcraydon3o@cloudflare.com,Male,173.99.53.32
134,Allie,Loving,aloving3p@nbcnews.com,Female,209.202.52.128
135,Yehudi,Strong,ystrong3q@deviantart.com,Male,226.217.115.127
136,Fayina,D'Alessio,fdalessio3r@edublogs.org,Female,212.100.26.3
137,Alexina,Penney,apenney3s@wordpress.org,Female,134.121.231.134
138,Hewett,Giraudo,hgiraudo3t@ed.gov,Male,71.237.211.199
139,Pascale,Pyburn,ppyburn3u@arstechnica.com,Male,233.43.97.152
140,Ashbey,Stillman,astillman3v@redcross.org,Male,139.175.231.235
141,Wilden,Galliard,wgalliard3w@ycombinator.com,Male,110.93.10.174
142,Marysa,Steers,msteers3x@1688.com,Female,110.121.157.243
143,Oren,Longhirst,olonghirst3y@studiopress.com,Male,60.208.184.67
144,Desmond,Stienton,dstienton3z@google.com.hk,Agender,247.24.147.122
145,Clementia,Aireton,caireton40@printfriendly.com,Female,62.130.151.170
146,Silvan,Mathes,smathes41@jalbum.net,Male,196.143.210.200
147,Dusty,Vatini,dvatini42@about.me,Female,117.37.17.75
148,Giulietta,Etoile,getoile43@independent.co.uk,Female,233.89.147.39
149,Eula,Whenham,ewhenham44@ucla.edu,Female,225.241.80.249
150,Dale,Aston,daston45@webeden.co.uk,Female,192.173.177.61
151,Isador,Spellacy,ispellacy46@blogspot.com,Male,82.129.148.2
152,Heda,Abelson,habelson47@apple.com,Female,120.148.185.242
153,Burt,Dielhenn,bdielhenn48@last.fm,Male,156.32.82.16
154,Emma,Laroux,elaroux49@businesswire.com,Female,29.84.222.71
155,Ursulina,Longwood,ulongwood4a@oracle.com,Female,204.13.66.83
156,Kaia,McDonnell,kmcdonnell4b@dailymotion.com,Female,189.198.196.73
157,Franky,Hentze,fhentze4c@oakley.com,Male,185.242.184.73
158,Arri,Pinches,apinches4d@huffingtonpost.com,Male,191.41.33.61
159,Yard,Baume,ybaume4e@yelp.com,Male,50.67.9.32
160,Jerrine,Verrell,jverrell4f@cnbc.com,Female,206.224.128.93
161,Nari,Kubik,nkubik4g@aol.com,Female,60.232.190.151
162,Buddie,Posnette,bposnette4h@google.pl,Male,247.150.243.179
163,Bartholemy,Greedyer,bgreedyer4i@histats.com,Male,113.20.99.170
164,Hollis,Baynam,hbaynam4j@linkedin.com,Male,113.77.131.120
165,Adelbert,Mowsley,amowsley4k@diigo.com,Male,55.205.96.124
166,Matilda,Silverton,msilverton4l@jimdo.com,Female,143.234.117.146
167,Brade,Genery,bgenery4m@ucla.edu,Male,139.141.98.176
168,Kristin,Sterzaker,ksterzaker4n@youku.com,Polygender,186.165.221.217
169,Weider,Halewood,whalewood4o@tamu.edu,Male,114.165.112.76
170,Torry,Roussel,troussel4p@skype.com,Male,116.204.227.12
171,Godard,Heijne,gheijne4q@icio.us,Male,18.212.159.65
172,Brose,Cattow,bcattow4r@live.com,Male,253.233.171.3
173,Cassie,Flinn,cflinn4s@gnu.org,Male,64.73.223.67
174,Flinn,Farmer,ffarmer4t@nasa.gov,Genderfluid,141.228.244.127
175,Corenda,Flewin,cflewin4u@oakley.com,Female,11.124.254.201
176,Cletus,Tue,ctue4v@cnbc.com,Male,49.169.196.111
177,Lannie,Ellgood,lellgood4w@ucoz.com,Male,215.147.185.88
178,Marice,Mathiassen,mmathiassen4x@reverbnation.com,Female,225.91.104.129
179,Cordy,Reye,creye4y@webeden.co.uk,Genderfluid,230.90.22.177
180,Sandra,Petasch,spetasch4z@oakley.com,Female,121.56.61.56
181,Byran,Bilham,bbilham50@wunderground.com,Agender,225.95.105.178
182,Stephen,Ayton,sayton51@skype.com,Male,18.19.5.230
183,Silvain,Bannard,sbannard52@ihg.com,Male,22.253.171.150
184,Isaiah,Hadlow,ihadlow53@furl.net,Male,7.234.248.25
185,Hubey,Sellman,hsellman54@patch.com,Male,236.99.147.16
186,Albert,Colloff,acolloff55@jigsy.com,Male,14.43.30.138
187,Cosimo,Amberg,camberg56@upenn.edu,Male,140.197.5.2
188,Krystal,Casaro,kcasaro57@dion.ne.jp,Female,218.197.220.62
189,Mollie,Klaaasen,mklaaasen58@google.com.hk,Non-binary,77.176.126.19
190,Anjela,Thorwarth,athorwarth59@php.net,Female,0.222.146.72
191,Tyler,Delong,tdelong5a@virginia.edu,Male,84.209.148.204
192,Verena,Podd,vpodd5b@netscape.com,Female,118.233.128.8
193,Eudora,Cronk,ecronk5c@trellian.com,Polygender,189.24.216.140
194,Hoyt,O'Ferris,hoferris5d@1688.com,Male,47.201.71.129
195,Renell,Brookson,rbrookson5e@yale.edu,Female,108.174.32.211
196,Harrietta,Smithe,hsmithe5f@discovery.com,Female,97.140.100.126
197,Babbette,Folan,bfolan5g@i2i.jp,Female,205.174.113.133
198,Robbie,Shakesby,rshakesby5h@wordpress.com,Male,196.0.65.59
199,El,Yarrall,eyarrall5i@rediff.com,Male,38.224.163.99
200,Geoffry,Pepi,gpepi5j@hugedomains.com,Male,18.21.32.236
201,Sophey,Melross,smelross5k@wordpress.org,Female,66.154.55.253
202,Avictor,Berlin,aberlin5l@theguardian.com,Male,168.161.68.193
203,Sauveur,Clemence,sclemence5m@rambler.ru,Genderqueer,142.25.150.176
204,Sylas,Gebbie,sgebbie5n@usda.gov,Male,122.203.55.54
205,Joaquin,Kinghorn,jkinghorn5o@shareasale.com,Male,254.202.70.7
206,Franciskus,Slyme,fslyme5p@amazonaws.com,Male,245.1.167.102
207,Dave,Ollerearnshaw,dollerearnshaw5q@ted.com,Male,73.134.200.20
208,Aldric,Creelman,acreelman5r@nih.gov,Male,220.106.48.118
209,Madlen,Meindl,mmeindl5s@people.com.cn,Female,47.2.116.26
210,Rosetta,Cavil,rcavil5t@ocn.ne.jp,Female,119.155.40.174
211,Marj,Boldt,mboldt5u@gravatar.com,Female,250.155.198.207
212,Gene,Bamborough,gbamborough5v@dion.ne.jp,Male,250.221.134.134
213,Venita,Lamble,vlamble5w@tinyurl.com,Female,32.184.206.254
214,Aubrey,Monckton,amonckton5x@toplist.cz,Female,112.121.28.46
215,Dani,Ibbotson,dibbotson5y@prweb.com,Genderfluid,9.125.180.221
216,Nadiya,Crow,ncrow5z@biglobe.ne.jp,Female,8.226.60.10
217,Giuditta,Whysall,gwhysall60@multiply.com,Female,230.117.52.61
218,Hernando,Harbidge,hharbidge61@weibo.com,Male,241.80.134.169
219,Stacey,Yukhnev,syukhnev62@jalbum.net,Female,55.236.91.132
220,Kathy,Sheekey,ksheekey63@businesswire.com,Female,83.168.113.52
221,Amalea,Shard,ashard64@topsy.com,Female,104.98.186.51
222,Codi,Landis,clandis65@g.co,Female,44.102.214.115
223,Augustin,Bickell,abickell66@cocolog-nifty.com,Male,36.5.61.24
224,Ariel,Trewhela,atrewhela67@shop-pro.jp,Female,245.165.164.101
225,Darya,Costelow,dcostelow68@amazon.com,Female,145.116.75.140
226,Eartha,Esser,eesser69@free.fr,Female,144.82.3.133
227,Gan,Roscrigg,groscrigg6a@ycombinator.com,Male,132.228.82.197
228,Thorvald,di Rocca,tdirocca6b@imdb.com,Male,245.15.148.162
229,Evvie,Dressel,edressel6c@simplemachines.org,Genderfluid,138.17.30.169
230,Ella,Spittall,espittall6d@istockphoto.com,Non-binary,92.158.29.9
231,Felicle,Hackett,fhackett6e@apache.org,Female,52.42.204.148
232,Jacinthe,Klewer,jklewer6f@elpais.com,Female,167.39.179.235
233,Reinold,Houlaghan,rhoulaghan6g@miibeian.gov.cn,Male,214.243.53.243
234,Jeralee,Olyonov,jolyonov6h@mozilla.com,Female,1.178.249.70
235,Eleanor,Backman,ebackman6i@spiegel.de,Female,206.37.228.95
236,Phillipp,Bayman,pbayman6j@cbsnews.com,Genderqueer,93.216.73.196
237,Jess,Bambridge,jbambridge6k@addtoany.com,Female,114.186.199.105
238,Emera,Minocchi,eminocchi6l@army.mil,Female,210.42.59.233
239,Olly,Josuweit,ojosuweit6m@123-reg.co.uk,Male,160.28.46.106
240,Yehudi,Ziemen,yziemen6n@census.gov,Male,234.216.84.227
241,Kara,Waiton,kwaiton6o@microsoft.com,Bigender,191.161.126.221
242,Hy,Jakoub,hjakoub6p@chron.com,Male,177.27.124.145
243,Fons,Shewon,fshewon6q@cnn.com,Male,250.24.161.131
244,Michell,Vanini,mvanini6r@amazon.co.jp,Female,239.252.11.39
245,Warren,Gleadhell,wgleadhell6s@washingtonpost.com,Male,62.238.175.132
246,Poppy,Yarrall,pyarrall6t@miibeian.gov.cn,Female,208.200.14.195
247,Row,Dulin,rdulin6u@usnews.com,Female,122.18.143.54
248,Johnette,Ollin,jollin6v@icq.com,Female,68.135.118.36
249,Bryant,Claricoates,bclaricoates6w@baidu.com,Male,245.10.127.68
250,Brant,Cashen,bcashen6x@a8.net,Male,106.111.101.136
