id,first_name,last_name,email,gender,ip_address
1,Britta,Meardon,bmeardon0@berkeley.edu,Female,160.245.193.213
2,Deborah,Lauridsen,dlauridsen1@dagondesign.com,Female,181.254.186.132
3,Merwyn,Doring,mdoring2@usda.gov,Agender,107.49.159.79
4,Ulysses,Hub,uhub3@jugem.jp,Male,186.164.193.94
5,Reinwald,Brinkler,rbrinkler4@npr.org,Male,184.180.251.106
6,Dean,Pariss,dpariss5@de.vu,Male,99.152.152.142
7,Idalina,Gravener,igravener6@wikimedia.org,Female,120.0.160.189
8,Kean,Arden,karden7@howstuffworks.com,Male,78.86.113.100
9,Westbrook,Castleman,wcastleman8@irs.gov,Male,204.173.53.93
10,Arabel,Allchorn,aallchorn9@cocolog-nifty.com,Non-binary,109.219.18.189
11,Berget,Gidney,bgidneya@shinystat.com,Female,168.137.232.102
12,Timmie,Towsie,ttowsieb@ning.com,Male,106.75.250.249
13,Pepe,Duthy,pduthyc@reverbnation.com,Male,219.230.113.195
14,Farr,O Sullivan,fosullivand@paginegialle.it,Male,227.174.98.171
15,Enrica,Oury,eourye@apple.com,Female,228.43.255.252
16,Georgie,Callam,gcallamf@list-manage.com,Female,79.24.212.58
17,Wood,Gummery,wgummeryg@blogs.com,Male,190.181.92.102
18,Collete,Gault,cgaulth@yahoo.com,Female,204.68.107.164
19,Gussy,Whittick,gwhitticki@comcast.net,Female,164.173.21.52
20,Tabor,Chelsom,tchelsomj@economist.com,Male,97.140.12.124
21,Rog,Llorens,rllorensk@123-reg.co.uk,Male,188.146.37.121
22,Maren,Carmichael,mcarmichaell@unesco.org,Female,116.153.188.196
23,Drud,Pyburn,dpyburnm@360.cn,Male,251.17.24.191
24,Thaine,Dinsdale,tdinsdalen@istockphoto.com,Genderfluid,188.60.101.102
25,Annemarie,Brayford,abrayfordo@yale.edu,Female,2.224.48.44
26,Stanton,Gillingham,sgillinghamp@desdev.cn,Male,170.18.250.229
27,Ernst,Skill,eskillq@sphinn.com,Male,44.205.224.168
28,Royall,Breeder,rbreederr@eventbrite.com,Male,81.157.169.55
29,Venita,McKibbin,vmckibbins@prlog.org,Female,174.246.230.25
30,Gris,Louys,glouyst@paypal.com,Male,106.152.98.34
31,Christos,Brignall,cbrignallu@shop-pro.jp,Male,197.66.213.78
32,Fabian,Savidge,fsavidgev@studiopress.com,Male,127.59.162.9
33,Sandor,Sheeran,ssheeranw@soundcloud.com,Male,199.178.149.3
34,Bertine,Wiszniewski,bwiszniewskix@exblog.jp,Female,119.159.30.222
35,Fayina,Domenico,fdomenicoy@gov.uk,Female,142.105.97.167
36,Erinna,Stetlye,estetlyez@oakley.com,Female,22.197.207.76
37,Simeon,Hacquel,shacquel10@i2i.jp,Male,28.106.22.237
38,Ali,Alpin,aalpin11@lulu.com,Male,226.55.18.225
39,Rahal,MacDuffie,rmacduffie12@over-blog.com,Female,70.74.227.79
40,Mycah,Goggen,mgoggen13@geocities.jp,Male,255.137.197.254
41,Liv,Tomankowski,ltomankowski14@purevolume.com,Female,11.222.102.29
42,Leone,Bartosch,lbartosch15@e-recht24.de,Female,156.12.63.70
43,Atlante,Rosenshine,arosenshine16@weibo.com,Female,6.46.48.44
44,Minni,Navein,mnavein17@toplist.cz,Female,0.11.105.96
45,Nadeen,Walworche,nwalworche18@yale.edu,Female,191.101.50.3
46,Gar,Crowhurst,gcrowhurst19@miibeian.gov.cn,Male,95.147.92.71
47,Aeriela,Boscher,aboscher1a@msn.com,Female,62.199.133.59
48,Erastus,Turbat,eturbat1b@dyndns.org,Male,208.123.209.58
49,Thom,Highnam,thighnam1c@oakley.com,Non-binary,169.33.53.180
50,Travus,Kloster,tkloster1d@seattletimes.com,Male,69.254.10.238
51,Tremayne,Arnfield,tarnfield1e@hud.gov,Male,59.59.143.47
52,Selby,Scala,sscala1f@marketwatch.com,Male,230.235.47.73
53,Corrine,Wogden,cwogden1g@google.co.uk,Female,17.87.88.164
54,Fulvia,Sibly,fsibly1h@nytimes.com,Female,176.93.99.178
55,Damon,Schiersch,dschiersch1i@gnu.org,Male,39.101.155.107
56,Romain,Dummer,rdummer1j@lulu.com,Male,69.143.60.244
57,Shayna,Filippov,sfilippov1k@geocities.jp,Female,85.231.134.170
58,Yuma,Loney,yloney1l@ted.com,Male,243.177.86.201
59,Tara,Vedeshkin,tvedeshkin1m@examiner.com,Female,119.14.181.34
60,Jeni,Whorf,jwhorf1n@unicef.org,Female,96.151.173.9
61,Regan,Strongitharm,rstrongitharm1o@newyorker.com,Bigender,94.97.241.64
62,Sella,Arbon,sarbon1p@aboutads.info,Female,216.117.54.196
63,Edsel,Holligan,eholligan1q@businessweek.com,Male,199.208.8.94
64,Pierette,Seres,pseres1r@unesco.org,Female,160.231.178.113
65,Felicle,Feehery,ffeehery1s@skyrock.com,Female,197.198.13.101
66,Celestine,Webb,cwebb1t@wufoo.com,Genderqueer,134.124.120.158
67,Bess,Grogor,bgrogor1u@over-blog.com,Female,24.146.99.240
68,Lorita,Ingleby,lingleby1v@paypal.com,Female,24.51.180.20
69,Giorgia,Martinson,gmartinson1w@wikimedia.org,Female,47.29.105.4
70,Jake,McChesney,jmcchesney1x@reuters.com,Male,98.10.150.175
71,Francine,Frangione,ffrangione1y@ox.ac.uk,Agender,118.252.13.227
72,Evangeline,Bertin,ebertin1z@dropbox.com,Female,237.240.219.137
73,Durward,Mayfield,dmayfield20@edublogs.org,Male,45.27.108.97
74,Cammi,O'Cannavan,cocannavan21@freewebs.com,Female,73.190.230.59
75,Benedick,Dodgshun,bdodgshun22@imageshack.us,Male,48.154.139.185
76,Carri,Cheal,ccheal23@wsj.com,Female,90.101.182.246
77,Phillip,MacPadene,pmacpadene24@google.es,Male,239.43.75.108
78,Corina,Motton,cmotton25@japanpost.jp,Female,236.252.194.222
79,Gian,Darnody,gdarnody26@ucoz.ru,Male,242.91.151.148
80,Jarid,Cosgrive,jcosgrive27@alibaba.com,Male,59.100.17.39
81,Alva,Culross,aculross28@nydailynews.com,Male,216.152.39.60
82,Ronnica,Manuello,rmanuello29@dion.ne.jp,Female,252.131.196.70
83,Quintilla,Lamas,qlamas2a@1und1.de,Polygender,191.192.134.196
84,Adlai,McGookin,amcgookin2b@deliciousdays.com,Male,208.201.43.194
85,Duncan,Spellessy,dspellessy2c@paypal.com,Male,243.240.30.67
86,Ronda,Fleote,rfleote2d@eventbrite.com,Female,199.143.155.73
87,Matelda,Rimington,mrimington2e@cbsnews.com,Female,206.33.62.22
88,Billie,Presdie,bpresdie2f@geocities.com,Male,5.156.213.1
89,Bil,Gouldie,bgouldie2g@washington.edu,Male,235.98.154.117
90,Allissa,Faldo,afaldo2h@earthlink.net,Female,200.41.201.184
91,Dur,Trussell,dtrussell2i@digg.com,Male,192.113.137.33
92,Duncan,Creak,dcreak2j@cnn.com,Male,92.51.217.143
93,Gianina,Dilleston,gdilleston2k@shutterfly.com,Female,154.173.240.230
94,Davis,Shallcrass,dshallcrass2l@youku.com,Male,216.191.184.67
95,Karoline,Gurner,kgurner2m@google.it,Female,35.210.127.88
96,Chrysa,Hulburt,chulburt2n@yahoo.com,Female,203.203.171.177
97,Cobb,Forward,cforward2o@latimes.com,Male,109.90.180.182
98,Debor,Daniaud,ddaniaud2p@de.vu,Female,145.103.151.46
99,Vernor,Lubomirski,vlubomirski2q@forbes.com,Male,184.48.67.78
100,Drusi,Semon,dsemon2r@china.com.cn,Female,133.129.247.105
101,Mathilda,Reubens,mreubens2s@jigsy.com,Bigender,0.19.206.165
102,Tierney,Sante,tsante2t@people.com.cn,Female,35.46.176.117
103,Ingeberg,Gunn,igunn2u@usatoday.com,Polygender,10.44.249.152
104,Laurel,Druhan,ldruhan2v@google.com,Genderqueer,131.217.133.47
105,Mycah,Ellyatt,mellyatt2w@addtoany.com,Male,124.89.139.30
106,Addie,Schult,aschult2x@wisc.edu,Female,231.77.230.153
107,Zsazsa,Lynagh,zlynagh2y@un.org,Female,225.203.172.225
108,Viviana,Coughlin,vcoughlin2z@nasa.gov,Agender,23.235.183.55
109,Inge,Morsey,imorsey30@boston.com,Female,117.206.254.158
110,Sandor,Peirone,speirone31@whitehouse.gov,Male,51.156.46.113
111,Eloisa,Cundey,ecundey32@comsenz.com,Female,11.151.161.167
112,Dag,Hadwen,dhadwen33@google.cn,Male,1.41.98.21
113,Ian,De Paoli,idepaoli34@people.com.cn,Male,22.243.172.158
114,Rita,Littlekit,rlittlekit35@artisteer.com,Female,19.29.99.98
115,Winslow,Caudrelier,wcaudrelier36@wufoo.com,Male,159.123.27.190
116,Dave,Shrigley,dshrigley37@elegantthemes.com,Male,44.241.27.243
117,Morena,Bruun,mbruun38@redcross.org,Female,59.209.148.230
118,Giorgia,Savins,gsavins39@bandcamp.com,Female,60.174.106.185
119,Conrad,Pourvoieur,cpourvoieur3a@imgur.com,Male,107.201.148.145
120,Leroi,O'Cullinane,locullinane3b@opera.com,Male,150.222.124.152
121,Phip,Sarsfield,psarsfield3c@theglobeandmail.com,Male,159.219.24.144
122,Rodie,Aspinell,raspinell3d@japanpost.jp,Female,252.122.46.6
123,Diana,Mothersole,dmothersole3e@jigsy.com,Female,95.56.165.12
124,Jaquenetta,Niess,jniess3f@vkontakte.ru,Female,36.253.232.157
125,Franny,Unitt,funitt3g@bigcartel.com,Male,103.79.53.9
126,Morgana,Manssuer,mmanssuer3h@wikipedia.org,Genderqueer,104.52.161.61
127,Sibyl,Oxenbury,soxenbury3i@wordpress.com,Male,80.126.38.129
128,Danya,Egger,degger3j@merriam-webster.com,Male,236.203.36.209
129,Skippie,Bounds,sbounds3k@nps.gov,Male,171.201.231.18
130,Sosanna,Matous,smatous3l@opera.com,Female,120.168.141.181
131,Hoebart,Pinnocke,hpinnocke3m@free.fr,Male,146.59.177.230
132,Philippe,Olechnowicz,polechnowicz3n@is.gd,Female,153.64.15.106
133,Corly,Giacobini,cgiacobini3o@aboutads.info,Female,67.141.210.217
134,Selinda,Hinge,shinge3p@meetup.com,Female,125.250.131.184
135,Maddie,Wakeley,mwakeley3q@shutterfly.com,Female,171.49.12.66
136,Smitty,Stallen,sstallen3r@economist.com,Male,215.161.108.68
137,Channa,Cleiment,ccleiment3s@livejournal.com,Female,137.89.166.143
138,Che,Wickins,cwickins3t@vk.com,Male,255.202.63.36
139,Rudyard,Cregin,rcregin3u@printfriendly.com,Male,232.139.122.234
140,Gerhard,Orrey,gorrey3v@cam.ac.uk,Male,198.164.104.153
141,Carolan,Harbidge,charbidge3w@loc.gov,Female,198.159.129.61
142,Sandy,Cortez,scortez3x@oakley.com,Female,239.170.139.51
143,Urbanus,Leathers,uleathers3y@adobe.com,Male,94.7.95.86
144,Homerus,Beggs,hbeggs3z@comsenz.com,Male,74.229.30.233
145,Ingaberg,Edgecumbe,iedgecumbe40@state.tx.us,Female,203.15.198.141
146,Kingsley,O'Reilly,koreilly41@webnode.com,Male,39.93.220.40
147,Goddard,Bradborne,gbradborne42@bizjournals.com,Male,196.109.11.6
148,Mick,Burman,mburman43@usda.gov,Male,115.233.254.130
149,Allie,Woolacott,awoolacott44@mlb.com,Male,110.239.36.4
150,Merell,Lockley,mlockley45@umn.edu,Male,85.220.185.13
151,Patin,Caple,pcaple46@ustream.tv,Male,37.74.254.152
152,Doralia,Edwardson,dedwardson47@nyu.edu,Female,181.206.69.100
153,Valida,Pickersail,vpickersail48@xing.com,Female,76.78.35.147
154,Flin,Foot,ffoot49@cocolog-nifty.com,Male,106.80.91.173
155,Rand,Saddington,rsaddington4a@about.me,Male,198.133.224.0
156,Sal,Syddie,ssyddie4b@unc.edu,Male,118.30.128.244
157,Norri,Lamperd,nlamperd4c@delicious.com,Female,48.100.27.136
158,Caty,Gosart,cgosart4d@booking.com,Female,163.67.177.158
159,Filberto,Mizzi,fmizzi4e@blinklist.com,Male,81.96.0.194
160,Ware,Smitherman,wsmitherman4f@theguardian.com,Male,235.95.165.166
161,Galina,Harrhy,gharrhy4g@wikia.com,Female,26.5.41.158
162,Ibbie,Dumphry,idumphry4h@answers.com,Female,113.62.69.217
163,Salaidh,Cansdale,scansdale4i@technorati.com,Female,60.124.121.220
164,Mathilda,Arnaudin,marnaudin4j@taobao.com,Female,132.196.186.8
165,Camel,Coope,ccoope4k@g.co,Female,84.94.63.157
166,Zsazsa,Baudain,zbaudain4l@cargocollective.com,Genderfluid,35.118.51.234
167,Bernetta,Zecchini,bzecchini4m@home.pl,Female,242.245.27.122
168,Consuela,Whitford,cwhitford4n@squarespace.com,Female,24.58.189.236
169,Isabelle,Wethers,iwethers4o@tumblr.com,Female,155.77.48.114
170,Meta,Buckle,mbuckle4p@forbes.com,Female,28.58.192.83
171,Granville,Petyakov,gpetyakov4q@rediff.com,Polygender,135.229.13.107
172,Stevie,Buckthorp,sbuckthorp4r@linkedin.com,Male,113.197.210.237
173,Pandora,McKeney,pmckeney4s@ca.gov,Agender,220.222.82.56
174,Dania,Stucke,dstucke4t@dell.com,Female,149.10.33.180
175,Jessica,Matussow,jmatussow4u@free.fr,Female,225.5.201.48
176,Ezechiel,Arnecke,earnecke4v@phoca.cz,Male,56.122.176.254
177,Lorinda,McEachern,lmceachern4w@dell.com,Female,77.5.211.55
178,Thacher,Offen,toffen4x@vistaprint.com,Male,66.226.64.27
179,Annabelle,Ference,aference4y@webs.com,Female,108.109.49.61
180,Dud,Padly,dpadly4z@nationalgeographic.com,Male,117.214.114.19
181,Cleon,Wingatt,cwingatt50@homestead.com,Male,19.56.166.55
182,Fulton,Swindles,fswindles51@ihg.com,Male,211.56.232.192
183,Rabbi,MacVicar,rmacvicar52@ebay.com,Male,138.208.181.93
184,Mead,Danilyak,mdanilyak53@usda.gov,Male,238.23.44.148
185,Bing,Laible,blaible54@com.com,Male,121.182.85.151
186,Cinnamon,Winsome,cwinsome55@last.fm,Female,106.128.169.175
187,Erskine,Heatlie,eheatlie56@bigcartel.com,Male,34.0.201.247
188,Evy,Dossetter,edossetter57@shinystat.com,Female,101.222.214.88
189,Aaren,Gozzard,agozzard58@tinyurl.com,Female,242.216.186.181
190,Dyane,Flatte,dflatte59@devhub.com,Female,194.178.185.161
191,Scott,Kruger,skruger5a@livejournal.com,Male,214.20.216.202
192,Hannie,Elsbury,helsbury5b@amazon.com,Female,204.108.194.119
193,Milicent,Banfield,mbanfield5c@spotify.com,Female,31.151.165.227
194,Regan,Gander,rgander5d@wsj.com,Female,118.70.63.26
195,Tybalt,Pigdon,tpigdon5e@spotify.com,Male,50.217.80.187
196,Krishnah,Hinners,khinners5f@nps.gov,Male,225.237.178.99
197,Marven,Knights,mknights5g@google.it,Male,5.135.182.231
198,Cindra,Bramwich,cbramwich5h@simplemachines.org,Female,169.114.227.31
199,Mufi,Whenman,mwhenman5i@washington.edu,Female,155.10.221.180
200,Adelaida,Sadat,asadat5j@mtv.com,Female,163.146.254.248
201,Berta,Bolton,bbolton5k@imgur.com,Female,197.156.171.215
202,Garry,Halladey,ghalladey5l@flavors.me,Male,122.217.93.180
203,Amos,Cornbell,acornbell5m@webnode.com,Male,1.200.28.219
204,Danella,Edland,dedland5n@state.gov,Female,174.132.120.59
205,Witty,Itshak,witshak5o@fc2.com,Male,148.103.140.202
206,Matteo,Lakeland,mlakeland5p@miibeian.gov.cn,Male,37.243.156.109
207,Merrill,Spinetti,mspinetti5q@google.nl,Female,21.170.232.177
208,Tuck,Baudacci,tbaudacci5r@netlog.com,Male,72.124.202.43
209,Jasun,Michin,jmichin5s@ft.com,Male,217.252.91.207
210,Claude,Rosoni,crosoni5t@blogtalkradio.com,Female,1.236.194.47
211,Angil,Bowell,abowell5u@rakuten.co.jp,Female,59.85.48.151
212,Daniella,Cargon,dcargon5v@tinyurl.com,Female,173.174.217.209
213,Tabatha,Phillcox,tphillcox5w@is.gd,Female,190.15.55.46
214,Henderson,Collihole,hcollihole5x@artisteer.com,Male,243.233.125.1
215,Cherie,Spilisy,cspilisy5y@npr.org,Female,33.51.246.0
216,Isabel,Clara,iclara5z@wikimedia.org,Female,195.125.26.218
217,Domeniga,O'Malley,domalley60@utexas.edu,Female,245.170.57.19
218,Fabiano,Yeowell,fyeowell61@google.cn,Male,17.75.77.138
219,Lorrie,Lait,llait62@va.gov,Female,100.172.106.131
220,Moina,Ritzman,mritzman63@symantec.com,Agender,181.164.148.32
221,Zuzana,Shapcote,zshapcote64@indiatimes.com,Female,132.42.69.184
222,Vinson,Cousans,vcousans65@chicagotribune.com,Male,19.226.210.189
223,Therine,Rocco,trocco66@about.com,Female,41.248.218.89
224,Osborn,Spinke,ospinke67@ucoz.ru,Male,16.59.233.197
225,Mauricio,Hardison,mhardison68@tripod.com,Male,116.180.253.228
226,Rahel,Flode,rflode69@tamu.edu,Female,60.17.110.155
227,Martie,Pontin,mpontin6a@fema.gov,Male,220.215.9.32
228,Clarabelle,Maymond,cmaymond6b@webs.com,Female,18.153.238.14
229,Izzy,Stockill,istockill6c@berkeley.edu,Male,123.223.58.34
230,Vinny,Naldrett,vnaldrett6d@ted.com,Female,177.252.64.216
231,Bearnard,Anstiss,banstiss6e@tmall.com,Male,235.223.152.45
232,Tammy,Iskov,tiskov6f@sogou.com,Female,7.139.253.81
233,Garreth,Kinnach,gkinnach6g@hibu.com,Male,125.81.63.68
234,Ebba,Pavia,epavia6h@youtube.com,Female,204.28.51.26
235,Sargent,Begin,sbegin6i@weibo.com,Male,127.78.248.203
236,Keene,Pountney,kpountney6j@ucla.edu,Male,253.181.188.244
237,Holmes,Reitenbach,hreitenbach6k@marriott.com,Male,216.22.10.199
238,Collen,Chittem,cchittem6l@macromedia.com,Female,231.249.147.218
239,Beckie,Antoniottii,bantoniottii6m@ucoz.ru,Female,78.118.170.227
240,Estelle,Housaman,ehousaman6n@plala.or.jp,Female,74.15.72.92
241,Iona,Aggas,iaggas6o@nhs.uk,Female,130.117.159.40
242,Skippy,Scouler,sscouler6p@dmoz.org,Male,251.109.164.238
243,Frasco,McGuinley,fmcguinley6q@statcounter.com,Male,206.66.243.161
244,Inessa,Hutcheons,ihutcheons6r@miibeian.gov.cn,Female,216.226.70.168
245,Lib,Basley,lbasley6s@icq.com,Agender,95.97.107.6
246,Alexandra,Hegdonne,ahegdonne6t@google.ca,Female,184.61.68.80
247,Dill,Fairall,dfairall6u@kickstarter.com,Male,43.85.233.116
248,Devondra,Supple,dsupple6v@ebay.co.uk,Genderfluid,186.82.184.190
249,Eadie,Ondrich,eondrich6w@hexun.com,Female,146.227.120.172
250,Jay,Goodsall,jgoodsall6x@joomla.org,Male,197.219.187.248
251,Delmar,Inkster,dinkster6y@mozilla.com,Male,69.64.53.10
252,Camile,Skyrm,cskyrm6z@elegantthemes.com,Female,8.60.208.138
253,Lyssa,Dimanche,ldimanche70@hexun.com,Female,51.206.204.4
254,Hillyer,Armitage,harmitage71@blog.com,Male,217.62.142.59
255,Radcliffe,Boumphrey,rboumphrey72@trellian.com,Male,160.40.11.17
256,Fonz,Allsupp,fallsupp73@virginia.edu,Male,4.252.41.212
257,Joanne,Merryfield,jmerryfield74@trellian.com,Female,80.217.98.228
258,Rubin,Whawell,rwhawell75@quantcast.com,Male,134.163.55.45
259,Ava,Manolov,amanolov76@wordpress.com,Female,231.161.64.186
260,Evita,Placido,eplacido77@pagesperso-orange.fr,Female,11.104.187.123
261,Burt,Suffe,bsuffe78@canalblog.com,Male,9.12.71.120
262,Ozzie,Cauldwell,ocauldwell79@theglobeandmail.com,Non-binary,65.6.226.87
263,Port,Copley,pcopley7a@omniture.com,Male,4.210.149.36
264,Abdul,Willmore,awillmore7b@usa.gov,Male,2.118.87.206
265,Agna,Egalton,aegalton7c@kickstarter.com,Female,83.60.245.94
266,Rona,Spenceley,rspenceley7d@mysql.com,Female,30.34.190.250
267,Fernande,Doole,fdoole7e@xinhuanet.com,Female,209.83.52.246
268,Lesly,Guerriero,lguerriero7f@dmoz.org,Female,25.65.253.174
269,Aurea,Ughelli,aughelli7g@dyndns.org,Female,241.206.213.76
270,Delmar,Rosewell,drosewell7h@ocn.ne.jp,Male,159.208.181.231
271,Xymenes,Beazer,xbeazer7i@timesonline.co.uk,Male,38.105.254.182
272,Celinka,Lusk,clusk7j@google.es,Female,77.20.212.150
273,Estel,Sauven,esauven7k@samsung.com,Female,27.123.21.27
274,Tiffani,Minifie,tminifie7l@w3.org,Female,105.105.165.19
275,Franklyn,Vicker,fvicker7m@buzzfeed.com,Male,10.122.234.194
276,Elyn,De Cleyne,edecleyne7n@joomla.org,Female,210.137.93.223
277,Therese,Braley,tbraley7o@a8.net,Female,31.153.217.202
278,Courtney,Fruin,cfruin7p@xinhuanet.com,Genderfluid,66.177.125.174
279,Nanni,Petrasek,npetrasek7q@cbslocal.com,Female,221.101.186.224
280,Leroy,Conyer,lconyer7r@columbia.edu,Male,242.99.243.226
281,Tanhya,Welds,twelds7s@google.com,Female,157.12.29.197
282,Hinze,Vasyukhnov,hvasyukhnov7t@miitbeian.gov.cn,Male,123.34.85.92
283,Charissa,Kidd,ckidd7u@eventbrite.com,Female,49.143.177.7
284,Adda,Bruhke,abruhke7v@livejournal.com,Female,67.25.110.241
285,Meyer,Gerold,mgerold7w@sina.com.cn,Male,81.248.51.201
286,Seth,Cheavin,scheavin7x@instagram.com,Male,57.23.26.208
287,Julian,Pettie,jpettie7y@typepad.com,Male,116.207.78.187
288,Robbert,Durrance,rdurrance7z@php.net,Male,114.244.11.138
289,Allie,Pilfold,apilfold80@vkontakte.ru,Male,108.152.52.100
290,Lyell,Cremins,lcremins81@infoseek.co.jp,Bigender,226.41.93.73
291,Purcell,Danniell,pdanniell82@hao123.com,Male,67.216.127.146
292,Laurens,Sayers,lsayers83@theatlantic.com,Male,49.239.186.101
293,Elana,Zanotti,ezanotti84@dell.com,Female,198.234.27.233
294,Arte,Espley,aespley85@aol.com,Non-binary,168.126.44.130
295,Roger,Elvin,relvin86@youtube.com,Male,34.61.152.137
296,Irv,Knibley,iknibley87@ted.com,Male,94.130.206.237
297,Falito,Toy,ftoy88@facebook.com,Male,225.228.41.4
298,Terrie,Sowten,tsowten89@yahoo.co.jp,Female,130.71.27.23
299,Courtenay,Slimme,cslimme8a@photobucket.com,Female,55.141.136.131
300,Susan,Dalla,sdalla8b@usgs.gov,Female,107.219.64.154
301,Marina,Ridehalgh,mridehalgh8c@examiner.com,Female,13.130.150.183
302,Sibelle,Morfield,smorfield8d@oaic.gov.au,Female,16.27.69.63
303,Massimiliano,Loynes,mloynes8e@artisteer.com,Male,197.5.204.117
304,Irving,Le Sieur,ilesieur8f@examiner.com,Male,150.128.163.127
305,Tyson,Joisce,tjoisce8g@slideshare.net,Male,223.94.96.231
306,Annadiane,Stewart,astewart8h@google.com,Female,17.11.227.152
307,Deane,Matschke,dmatschke8i@spiegel.de,Male,214.243.169.237
308,Cedric,Windham,cwindham8j@eepurl.com,Male,155.94.231.71
309,Kenny,Senner,ksenner8k@cornell.edu,Male,162.52.130.226
310,Hagen,Rival,hrival8l@linkedin.com,Male,218.46.123.194
311,Winona,Lambdon,wlambdon8m@slideshare.net,Female,242.238.204.82
312,Janot,Blackbrough,jblackbrough8n@feedburner.com,Female,162.225.254.12
313,Kingston,Wait,kwait8o@accuweather.com,Male,229.46.158.206
314,Martha,Caseley,mcaseley8p@mozilla.com,Female,24.99.172.84
315,Shena,Palfreeman,spalfreeman8q@ucoz.ru,Female,40.140.164.71
316,Orlan,Daber,odaber8r@addthis.com,Male,35.172.51.171
317,Tobey,Cockren,tcockren8s@ca.gov,Bigender,178.217.15.124
318,Marwin,Dik,mdik8t@utexas.edu,Polygender,240.84.198.14
319,Daune,Krebs,dkrebs8u@google.nl,Female,173.47.252.196
320,Gherardo,Clapshaw,gclapshaw8v@domainmarket.com,Male,235.175.43.106
321,Corabella,Disman,cdisman8w@imgur.com,Female,75.42.186.196
322,Gonzalo,Swaby,gswaby8x@pagesperso-orange.fr,Male,205.157.114.199
323,Amalia,Gubbins,agubbins8y@fema.gov,Female,5.1.29.67
324,Audrye,Ellse,aellse8z@unesco.org,Female,195.232.171.21
325,Karlen,Grewer,kgrewer90@mashable.com,Female,156.173.147.251
326,Quintana,Shrimptone,qshrimptone91@posterous.com,Female,45.62.58.75
327,Fiorenze,Gerty,fgerty92@ning.com,Female,201.45.152.193
328,Pavla,Bichener,pbichener93@feedburner.com,Female,190.230.102.235
329,Leontyne,Szimoni,lszimoni94@usda.gov,Female,8.167.54.32
330,Rafi,D'Hooghe,rdhooghe95@ihg.com,Male,183.238.231.224
331,Vivi,Ferie,vferie96@epa.gov,Female,105.64.141.158
332,Ashlen,Glander,aglander97@illinois.edu,Female,105.22.3.41
333,Devora,Ferandez,dferandez98@ebay.com,Female,223.48.161.89
334,Dunstan,Corrington,dcorrington99@purevolume.com,Male,241.119.200.116
335,Rois,Johanning,rjohanning9a@biglobe.ne.jp,Female,222.121.189.166
336,Adham,Gilks,agilks9b@smugmug.com,Male,3.161.202.18
337,Mona,Donaho,mdonaho9c@prweb.com,Female,124.40.53.102
338,Joshuah,Trimming,jtrimming9d@wired.com,Male,191.225.226.26
339,Francene,Mosten,fmosten9e@hhs.gov,Female,233.242.4.186
340,Shurwood,Jimmes,sjimmes9f@elegantthemes.com,Male,216.108.13.15
341,Jermaine,Meuse,jmeuse9g@walmart.com,Female,138.77.13.13
342,Dael,Shufflebotham,dshufflebotham9h@yellowpages.com,Male,137.225.151.42
343,Katheryn,Raimbauld,kraimbauld9i@icq.com,Female,68.236.196.136
344,Adah,Mallam,amallam9j@wiley.com,Female,223.169.222.164
345,Ruddy,Bentame,rbentame9k@weibo.com,Male,20.102.43.76
346,Jimmy,Lancetter,jlancetter9l@cnn.com,Male,192.109.244.88
347,Kristin,Bidgod,kbidgod9m@hud.gov,Female,9.130.158.192
348,Hurley,Seer,hseer9n@admin.ch,Male,124.54.191.211
349,Dorris,Chesson,dchesson9o@bluehost.com,Female,33.140.37.127
350,Jammie,Valerio,jvalerio9p@fastcompany.com,Female,44.84.37.48
351,Alix,Degli Abbati,adegliabbati9q@opensource.org,Male,174.190.127.69
352,Lucien,Bosward,lbosward9r@amazon.com,Male,9.132.146.196
353,Clary,Breeton,cbreeton9s@pagesperso-orange.fr,Female,126.75.12.180
354,Silvan,Ogbourne,sogbourne9t@princeton.edu,Male,85.244.62.37
355,Mair,Harriss,mharriss9u@github.com,Female,154.118.64.133
356,Erroll,Brewitt,ebrewitt9v@aol.com,Male,45.48.28.36
357,Jdavie,Guitonneau,jguitonneau9w@tinyurl.com,Male,49.223.224.112
358,Loralie,Rickards,lrickards9x@cargocollective.com,Female,113.52.136.205
359,Robinson,Gatecliffe,rgatecliffe9y@mashable.com,Male,253.169.232.210
360,Giffer,Butterfint,gbutterfint9z@cafepress.com,Male,158.145.33.27
361,Taddeo,Molesworth,tmoleswortha0@livejournal.com,Male,8.187.118.68
362,Neall,Oxley,noxleya1@reference.com,Male,104.0.17.167
363,Max,Blanc,mblanca2@google.cn,Male,175.134.136.157
364,Blythe,Smale,bsmalea3@oakley.com,Female,23.250.174.24
365,Trish,Trulocke,ttrulockea4@shinystat.com,Female,21.13.57.118
366,Everett,Heads,eheadsa5@digg.com,Male,74.224.156.211
367,Reider,Gascone,rgasconea6@hostgator.com,Male,208.250.195.57
368,Glory,Paulou,gpauloua7@yahoo.com,Female,194.173.237.126
369,Letisha,Celes,lcelesa8@canalblog.com,Female,41.52.123.248
370,Bronny,Inworth,binwortha9@cisco.com,Male,239.191.158.141
371,Rubin,Gowan,rgowanaa@scientificamerican.com,Male,163.51.67.191
372,Jemima,Cootes,jcootesab@jiathis.com,Female,23.33.69.250
373,Issy,Regina,ireginaac@jigsy.com,Female,131.214.188.216
374,Sherlock,Graveson,sgravesonad@bing.com,Genderfluid,233.184.119.100
375,Leonelle,Ghelardi,lghelardiae@sbwire.com,Female,241.240.213.4
376,Mil,Livard,mlivardaf@sina.com.cn,Female,49.255.175.56
377,Pippa,Covell,pcovellag@wikispaces.com,Genderqueer,66.180.147.147
378,Barbaraanne,Pirrone,bpirroneah@printfriendly.com,Female,190.224.36.217
379,Laurella,Derby,lderbyai@shinystat.com,Female,126.229.150.249
380,Clayton,Josephs,cjosephsaj@economist.com,Bigender,39.229.134.255
381,Geraldine,MacLice,gmacliceak@gnu.org,Female,195.44.108.4
382,Rayner,Donaho,rdonahoal@senate.gov,Polygender,22.85.50.153
383,Cara,Penberthy,cpenberthyam@comcast.net,Female,64.198.139.255
384,Willow,Sherar,wsheraran@cdc.gov,Female,134.253.76.74
385,Horatius,Anfosso,hanfossoao@youku.com,Male,179.229.127.137
386,Rudolfo,MacKintosh,rmackintoshap@t-online.de,Male,168.152.214.142
387,Birdie,Pantin,bpantinaq@meetup.com,Female,170.193.213.206
388,Delly,Keming,dkemingar@plala.or.jp,Female,31.35.46.64
389,Randal,Banstead,rbansteadas@drupal.org,Male,69.215.142.78
390,Barbie,Morkham,bmorkhamat@alexa.com,Female,146.75.38.211
391,Dorri,Bomb,dbombau@pcworld.com,Genderfluid,230.3.105.74
392,Melvyn,Chafney,mchafneyav@bbc.co.uk,Genderfluid,149.250.123.22
393,Scarface,Yurygyn,syurygynaw@howstuffworks.com,Male,72.197.43.74
394,Jorgan,Veschambes,jveschambesax@simplemachines.org,Male,66.35.179.183
395,Ivory,Studdal,istuddalay@typepad.com,Female,48.185.107.168
396,Ned,Orhrt,norhrtaz@amazon.com,Male,205.220.233.203
397,Lorilyn,Fossick,lfossickb0@cnbc.com,Female,75.32.15.214
398,Nestor,Barbara,nbarbarab1@moonfruit.com,Male,249.232.65.16
399,Beryl,Mattia,bmattiab2@theguardian.com,Female,231.244.123.163
400,Trescha,Koppes,tkoppesb3@ask.com,Female,213.163.18.68
401,Sharyl,Baythrop,sbaythropb4@mit.edu,Female,220.212.53.195
402,Reinhold,Astlett,rastlettb5@nyu.edu,Male,181.177.33.136
403,Lorita,Hanton,lhantonb6@accuweather.com,Female,135.164.86.123
404,Yovonnda,Calltone,ycalltoneb7@cnet.com,Female,2.88.13.166
405,Stanwood,Lupson,slupsonb8@wikispaces.com,Male,69.240.37.37
406,Janenna,Mountstephen,jmountstephenb9@mail.ru,Female,49.48.205.179
407,Zorah,Lyptrade,zlyptradeba@w3.org,Female,106.32.166.112
408,Silvanus,Spraggon,sspraggonbb@wisc.edu,Male,79.171.180.116
409,Sharline,Coffey,scoffeybc@unesco.org,Female,172.16.5.175
410,Eunice,Lernihan,elernihanbd@engadget.com,Female,19.56.68.18
411,Skip,Doick,sdoickbe@techcrunch.com,Genderqueer,225.166.96.114
412,Griffy,Gritten,ggrittenbf@intel.com,Male,29.79.72.45
413,Brigham,Haycraft,bhaycraftbg@youku.com,Male,169.217.222.13
414,Harbert,Bellon,hbellonbh@admin.ch,Male,69.18.147.175
415,Hollie,Tommasetti,htommasettibi@hubpages.com,Female,94.177.225.83
416,Papageno,Tunaclift,ptunacliftbj@pcworld.com,Male,222.150.3.208
417,Maible,Wallentin,mwallentinbk@fda.gov,Female,195.144.161.198
418,Buiron,Wallsworth,bwallsworthbl@free.fr,Male,62.199.59.152
419,Si,Roe,sroebm@smugmug.com,Male,152.126.95.139
420,Ines,Fateley,ifateleybn@vkontakte.ru,Female,172.127.200.101
421,Selina,Gouley,sgouleybo@sakura.ne.jp,Genderqueer,16.83.165.124
422,Yank,McMaster,ymcmasterbp@phoca.cz,Bigender,162.114.152.170
423,Matelda,Scothron,mscothronbq@guardian.co.uk,Female,198.81.62.247
424,Olympie,Bruff,obruffbr@wordpress.org,Female,154.202.79.182
425,Kiri,Martt,kmarttbs@census.gov,Female,170.0.72.113
426,Bryana,Syde,bsydebt@jimdo.com,Female,127.6.108.216
427,Laura,Bernardt,lbernardtbu@reference.com,Female,14.131.61.195
428,Lynda,Hurdedge,lhurdedgebv@cloudflare.com,Female,158.123.102.81
429,Thom,Dyzart,tdyzartbw@photobucket.com,Male,71.24.101.24
430,Cassey,Moehle,cmoehlebx@uiuc.edu,Polygender,208.107.132.189
431,Lanni,Dinnis,ldinnisby@google.de,Female,166.59.201.92
432,Ingunna,Dumbell,idumbellbz@mashable.com,Female,190.88.223.92
433,Kory,Zisneros,kzisnerosc0@tinypic.com,Male,115.68.84.51
434,Teador,Cullington,tcullingtonc1@google.co.uk,Male,178.39.122.180
435,Stepha,Whereat,swhereatc2@booking.com,Female,38.123.4.92
436,Giovanna,Avory,gavoryc3@t.co,Female,70.189.133.81
437,Curt,Ilett,cilettc4@reverbnation.com,Male,115.47.22.49
438,Brandtr,Dyer,bdyerc5@123-reg.co.uk,Male,187.87.76.231
439,Ignacio,Barnby,ibarnbyc6@google.ru,Male,161.214.99.247
440,Gaylord,Launder,glaunderc7@cbc.ca,Male,62.85.224.250
441,Jo ann,Rubinfeld,jrubinfeldc8@earthlink.net,Polygender,124.26.38.103
442,Micky,Threadgall,mthreadgallc9@joomla.org,Female,216.98.110.227
443,Meredith,Bartosiak,mbartosiakca@webeden.co.uk,Male,157.241.176.128
444,Linda,Lambdean,llambdeancb@tinypic.com,Agender,173.82.20.5
445,Lona,McLise,lmclisecc@blogtalkradio.com,Female,14.51.237.113
446,Shelagh,Daynter,sdayntercd@joomla.org,Agender,76.202.48.222
447,Ina,Leban,ilebance@upenn.edu,Female,227.142.150.24
448,Cristy,Constance,cconstancecf@samsung.com,Female,216.133.69.67
449,Cherish,Beecham,cbeechamcg@xinhuanet.com,Female,42.62.130.59
450,Clair,Popescu,cpopescuch@yandex.ru,Non-binary,97.108.185.171
451,Cass,Rushbrook,crushbrookci@disqus.com,Male,193.161.84.25
452,Stirling,Pawel,spawelcj@elpais.com,Male,164.224.214.173
453,Mikkel,Schiell,mschiellck@exblog.jp,Male,17.253.35.133
454,Jo-ann,Barras,jbarrascl@webmd.com,Female,236.128.150.251
455,Lynelle,McLuckie,lmcluckiecm@technorati.com,Genderfluid,182.215.231.209
456,Harri,Folini,hfolinicn@addtoany.com,Female,9.246.73.216
457,Carley,Dumini,cduminico@360.cn,Female,18.87.227.29
458,Ellyn,Shannon,eshannoncp@bigcartel.com,Female,169.75.254.199
459,Vonnie,Wilton,vwiltoncq@paypal.com,Female,223.157.36.63
460,Omero,Bick,obickcr@ezinearticles.com,Male,237.160.18.21
461,Chiquia,Mounch,cmounchcs@infoseek.co.jp,Female,193.188.148.116
462,Skyler,O' Lone,solonect@tumblr.com,Male,88.40.93.206
463,Denny,Ladel,dladelcu@de.vu,Male,73.172.160.40
464,Tamma,Cuttings,tcuttingscv@sakura.ne.jp,Female,37.242.210.178
465,Julius,Bruneton,jbrunetoncw@goo.ne.jp,Male,242.14.60.14
466,Laurette,Merrison,lmerrisoncx@nhs.uk,Female,6.235.86.26
467,Clarance,Hannen,channency@dedecms.com,Male,230.198.177.87
468,Sheilah,Brill,sbrillcz@sourceforge.net,Female,117.68.128.98
469,Maxie,Poinsett,mpoinsettd0@ycombinator.com,Female,206.251.53.75
470,Agneta,Kimberly,akimberlyd1@unicef.org,Female,19.162.108.49
471,Gerhard,Abotson,gabotsond2@biblegateway.com,Male,53.143.247.132
472,Shandie,Marvelley,smarvelleyd3@netlog.com,Female,112.117.254.9
473,Brietta,Jacobovitch,bjacobovitchd4@si.edu,Female,59.45.55.108
474,Kathe,Sedgman,ksedgmand5@cbslocal.com,Female,221.189.185.171
475,Katrinka,Huelin,khuelind6@goodreads.com,Female,34.251.175.214
476,Karita,Orlton,korltond7@g.co,Female,56.55.217.146
477,Vale,Belk,vbelkd8@vkontakte.ru,Male,223.50.105.145
478,Engelbert,Ryan,eryand9@360.cn,Male,220.184.209.55
479,Dorian,Bartholomaus,dbartholomausda@yandex.ru,Male,108.29.106.42
480,Nicky,Lattos,nlattosdb@ezinearticles.com,Female,225.101.99.28
481,Caresse,Langcastle,clangcastledc@techcrunch.com,Female,47.175.87.47
482,Jacquenette,Hoys,jhoysdd@shop-pro.jp,Female,111.169.82.112
483,Twyla,Kinneir,tkinneirde@imgur.com,Female,207.173.18.30
484,Ellswerth,Rearden,ereardendf@angelfire.com,Male,171.14.162.230
485,Fianna,Coalbran,fcoalbrandg@whitehouse.gov,Female,215.186.90.211
486,Isabelita,Ginnety,iginnetydh@flavors.me,Female,173.146.43.14
487,Lemar,Whightman,lwhightmandi@rambler.ru,Male,227.202.55.37
488,Chandra,Hatchell,chatchelldj@miibeian.gov.cn,Female,148.213.245.63
489,Nester,Coleborn,ncoleborndk@etsy.com,Male,105.114.0.109
490,Veriee,Houndson,vhoundsondl@purevolume.com,Female,2.15.192.71
491,Laurianne,Primrose,lprimrosedm@shutterfly.com,Female,204.29.44.80
492,Kiersten,Hintzer,khintzerdn@ucla.edu,Agender,16.108.44.143
493,Stephie,Livsey,slivseydo@scribd.com,Female,196.134.213.63
494,Sari,Mapples,smapplesdp@bloglines.com,Female,210.253.97.53
495,Hortense,Shergill,hshergilldq@sogou.com,Genderfluid,212.56.105.185
496,Olive,Growcock,ogrowcockdr@over-blog.com,Female,132.132.117.164
497,Bartlett,Royson,broysonds@wiley.com,Male,157.181.70.221
498,Jacenta,Stanfield,jstanfielddt@webnode.com,Female,157.33.40.100
499,Killian,Patershall,kpatershalldu@npr.org,Male,157.215.45.148
500,Marrissa,Jansie,mjansiedv@tuttocitta.it,Female,239.126.207.159
501,Meier,Hallgalley,mhallgalleydw@e-recht24.de,Male,166.149.54.166
502,Marten,Abramovic,mabramovicdx@miitbeian.gov.cn,Male,82.68.103.147
503,Kiah,Follin,kfollindy@spiegel.de,Non-binary,9.43.162.112
504,Roscoe,Matkin,rmatkindz@europa.eu,Male,54.200.49.108
505,Luther,Rowell,lrowelle0@xrea.com,Male,71.155.128.87
506,Zeb,Diben,zdibene1@360.cn,Male,178.124.48.147
507,Sofia,McKoy,smckoye2@youtu.be,Female,159.51.206.175
508,Dag,Epinoy,depinoye3@gizmodo.com,Bigender,113.103.148.105
509,Sydney,Prate,spratee4@nydailynews.com,Male,233.82.89.36
510,Grantley,Reddan,greddane5@stanford.edu,Male,217.59.160.186
511,Marchall,Simants,msimantse6@bbc.co.uk,Bigender,247.84.26.190
512,Lenka,Hendriks,lhendrikse7@4shared.com,Female,106.136.22.104
513,Brook,Corker,bcorkere8@google.com.br,Male,101.12.99.111
514,Elisabetta,Beernt,ebeernte9@mediafire.com,Female,168.142.66.139
515,Ivor,Febre,ifebreea@shutterfly.com,Male,142.243.43.235
516,Cordelia,Culter,ccultereb@ucoz.ru,Female,162.70.184.226
517,Yuma,Hugett,yhugettec@qq.com,Male,19.181.168.166
518,Cad,Danbrook,cdanbrooked@unblog.fr,Male,150.7.182.159
519,Madalena,Ewdale,mewdaleee@hc360.com,Agender,228.19.244.0
520,Tyler,Hudghton,thudghtonef@over-blog.com,Non-binary,10.182.105.131
521,Winne,Bircher,wbirchereg@wp.com,Female,151.119.61.60
522,Geri,Legendre,glegendreeh@wiley.com,Male,156.164.251.49
523,Tuesday,Rumble,trumbleei@yahoo.com,Female,58.77.198.76
524,Melinda,Delcastel,mdelcastelej@theglobeandmail.com,Female,252.164.220.105
525,Tabitha,Cains,tcainsek@sun.com,Female,49.115.243.253
526,Menard,Brunke,mbrunkeel@biblegateway.com,Genderfluid,10.79.50.15
527,Haley,Stollenbecker,hstollenbeckerem@shop-pro.jp,Female,215.18.147.2
528,Kelci,MacConnel,kmacconnelen@marketwatch.com,Female,157.231.124.133
529,Camey,Spaice,cspaiceeo@auda.org.au,Male,155.99.143.17
530,Jerrome,Darragon,jdarragonep@wordpress.org,Male,176.235.167.247
531,Eduard,Brydson,ebrydsoneq@opera.com,Male,68.65.172.199
532,Angelia,Aleksankin,aaleksankiner@redcross.org,Female,119.79.156.198
533,Henderson,Roakes,hroakeses@discuz.net,Male,246.17.184.68
534,Kippie,Bettridge,kbettridgeet@bing.com,Male,206.54.117.193
535,Cicely,MacGraith,cmacgraitheu@rambler.ru,Female,195.193.161.224
536,Emmalynn,Salmons,esalmonsev@toplist.cz,Female,210.190.48.244
537,Dolly,Shatliff,dshatliffew@ovh.net,Female,3.255.188.199
538,Nicholas,Sneaker,nsneakerex@qq.com,Male,10.84.72.220
539,Birch,Hasted,bhastedey@fc2.com,Male,129.101.0.36
540,Karalee,Whillock,kwhillockez@bloglovin.com,Female,68.152.192.12
541,Kristin,Prosch,kproschf0@cam.ac.uk,Female,183.195.62.34
542,Samson,Carme,scarmef1@europa.eu,Male,146.52.235.162
543,Alix,Haggidon,ahaggidonf2@ucsd.edu,Genderfluid,27.220.239.93
544,Kienan,Cranshaw,kcranshawf3@hostgator.com,Genderfluid,13.120.226.1
545,Hildagard,Seedull,hseedullf4@yellowpages.com,Female,201.107.102.91
546,Allie,Dace,adacef5@simplemachines.org,Male,129.8.193.56
547,Stephannie,Wall,swallf6@blogs.com,Female,101.159.63.19
548,Bili,Franklin,bfranklinf7@guardian.co.uk,Female,221.43.88.47
549,Hasty,Niessen,hniessenf8@hatena.ne.jp,Male,195.228.6.132
550,Gerald,Loody,gloodyf9@unesco.org,Male,135.170.224.205
551,Eadith,Jaffa,ejaffafa@oakley.com,Female,208.67.187.157
552,Fransisco,Cormack,fcormackfb@archive.org,Male,224.79.144.76
553,Keith,Farrimond,kfarrimondfc@a8.net,Male,236.7.213.142
554,Samson,Aharoni,saharonifd@noaa.gov,Male,250.2.230.249
555,Michael,McGraffin,mmcgraffinfe@opera.com,Male,120.111.175.247
556,Franzen,Perrott,fperrottff@yellowpages.com,Agender,86.4.146.172
557,Chrystel,Beany,cbeanyfg@goo.ne.jp,Female,60.133.230.121
558,Phillipp,Paynter,ppaynterfh@gmpg.org,Male,48.4.2.207
559,Howie,Plose,hplosefi@eventbrite.com,Male,181.144.250.81
560,Douglas,Robens,drobensfj@macromedia.com,Male,103.219.100.125
561,Sherlocke,Banasevich,sbanasevichfk@skype.com,Male,119.23.70.152
562,Dorisa,Blant,dblantfl@behance.net,Female,40.59.20.121
563,Cariotta,Ciciura,cciciurafm@tamu.edu,Female,220.94.238.133
564,Raynard,Filchagin,rfilchaginfn@yandex.ru,Male,149.21.2.125
565,Hildegaard,Letertre,hletertrefo@irs.gov,Female,80.133.156.39
566,Glynis,Entreis,gentreisfp@surveymonkey.com,Female,172.36.65.83
567,Camella,Speerman,cspeermanfq@rediff.com,Female,163.223.44.151
568,Lucilia,Clipston,lclipstonfr@biglobe.ne.jp,Genderqueer,139.21.135.32
569,Juline,Victoria,jvictoriafs@fastcompany.com,Female,33.23.0.61
570,Kipp,Lowensohn,klowensohnft@wix.com,Genderfluid,110.48.217.72
571,Alain,Giottoi,agiottoifu@ameblo.jp,Male,103.110.35.34
572,Sibbie,Donner,sdonnerfv@admin.ch,Polygender,116.129.200.33
573,Maryellen,Hairesnape,mhairesnapefw@toplist.cz,Female,159.215.102.196
574,Keely,Flatley,kflatleyfx@chicagotribune.com,Female,97.215.48.155
575,Jared,Lisamore,jlisamorefy@utexas.edu,Male,173.244.254.242
576,Hyman,Steven,hstevenfz@latimes.com,Genderfluid,182.183.113.74
577,Cori,Glide,cglideg0@sogou.com,Female,230.238.248.103
578,Lelia,Ebenezer,lebenezerg1@symantec.com,Female,208.107.11.106
579,Dulcie,Brookton,dbrooktong2@illinois.edu,Female,140.250.154.70
580,Candace,Noone,cnooneg3@google.nl,Female,2.241.87.113
581,Vittorio,Unworth,vunworthg4@zdnet.com,Male,205.208.109.208
582,Ewan,Gravett,egravettg5@wp.com,Male,246.109.119.95
583,Dwight,Marr,dmarrg6@taobao.com,Male,54.254.202.191
584,Lesley,Shucksmith,lshucksmithg7@about.com,Agender,3.244.17.255
585,Abby,Ondrus,aondrusg8@cbc.ca,Male,242.184.111.172
586,Silvester,Sandy,ssandyg9@comsenz.com,Male,101.33.222.246
587,Lynnell,Kochlin,lkochlinga@blog.com,Female,101.72.147.180
588,Lazar,Tattershall,ltattershallgb@de.vu,Male,186.7.23.8
589,Phaidra,Cole,pcolegc@yandex.ru,Female,202.250.16.229
590,Barri,Kleinstern,bkleinsterngd@google.com,Male,223.54.231.125
591,Carmella,Wenger,cwengerge@cnn.com,Female,77.144.253.248
592,Tiertza,Mucillo,tmucillogf@narod.ru,Female,54.35.175.70
593,Sigismondo,McGibbon,smcgibbongg@discovery.com,Male,44.134.33.111
594,Brana,Swigg,bswigggh@jalbum.net,Female,72.40.43.59
595,Tildi,Ackery,tackerygi@theatlantic.com,Female,44.240.238.241
596,Joel,Waitland,jwaitlandgj@yandex.ru,Male,151.123.76.157
597,Herta,Dignam,hdignamgk@java.com,Female,212.0.33.130
598,Maggie,Catlow,mcatlowgl@unblog.fr,Female,237.57.89.103
599,Wynne,O'Driscole,wodriscolegm@jiathis.com,Female,150.81.229.128
600,Shirleen,Broomfield,sbroomfieldgn@nhs.uk,Female,236.195.165.196
601,Harley,O'Logan,hologango@discuz.net,Male,82.35.210.125
602,Thorny,Basketter,tbaskettergp@macromedia.com,Male,143.61.200.164
603,Abran,Quainton,aquaintongq@dropbox.com,Male,206.115.233.242
604,Tiffie,Handrahan,thandrahangr@bigcartel.com,Female,115.18.23.111
605,Shannon,Cheal,schealgs@elegantthemes.com,Female,0.75.195.210
606,Bentlee,Granville,bgranvillegt@altervista.org,Male,203.182.9.28
607,Melita,Bamfield,mbamfieldgu@cnn.com,Female,143.43.55.38
608,Valene,Maymand,vmaymandgv@mediafire.com,Female,149.21.248.61
609,Kaiser,Huntress,khuntressgw@google.co.uk,Male,63.167.63.40
610,Nilson,Foulger,nfoulgergx@blogger.com,Male,60.68.134.238
611,Loree,Janaszewski,ljanaszewskigy@uiuc.edu,Female,210.52.219.250
612,Sanson,Lowdwell,slowdwellgz@auda.org.au,Male,203.144.90.223
613,Norbert,Merrell,nmerrellh0@imdb.com,Male,7.118.136.15
614,Ralph,Roocroft,rroocrofth1@icq.com,Male,239.239.91.49
615,Ida,Letchford,iletchfordh2@army.mil,Female,211.145.85.102
616,Brien,Ruggen,bruggenh3@1688.com,Bigender,153.108.216.225
617,Harper,Shawcross,hshawcrossh4@ucsd.edu,Male,149.185.26.14
618,Porty,Gatenby,pgatenbyh5@sphinn.com,Male,220.157.120.92
619,Rosita,Ericssen,rericssenh6@gizmodo.com,Female,158.233.237.130
620,Gay,Huygens,ghuygensh7@gizmodo.com,Female,226.128.94.59
621,Poul,Ovens,povensh8@theglobeandmail.com,Male,167.112.145.162
622,Averill,Snugg,asnuggh9@noaa.gov,Bigender,97.96.73.125
623,Sly,Lockyer,slockyerha@archive.org,Bigender,122.149.31.225
624,Tamqrah,Kirvell,tkirvellhb@time.com,Agender,100.32.109.5
625,Peggie,Lyptrade,plyptradehc@uiuc.edu,Female,170.24.116.41
626,Elwin,Longstreet,elongstreethd@eventbrite.com,Male,162.47.136.89
627,Kaylyn,Aireton,kairetonhe@hud.gov,Female,24.254.22.145
628,Krissy,Harriss,kharrisshf@ft.com,Female,36.188.6.254
629,Connor,Meddemmen,cmeddemmenhg@hao123.com,Male,27.249.36.248
630,Davida,Lorne,dlornehh@php.net,Female,164.95.43.224
631,Lindsay,Di Bartolomeo,ldibartolomeohi@umich.edu,Female,184.143.234.208
632,Beck,Kondratenko,bkondratenkohj@liveinternet.ru,Male,114.47.52.90
633,Lianna,Andree,landreehk@dot.gov,Female,226.132.171.139
634,Syman,Blackham,sblackhamhl@flavors.me,Male,98.230.246.40
635,Kenneth,Baxstair,kbaxstairhm@illinois.edu,Male,5.206.182.161
636,Maryanne,Sivill,msivillhn@typepad.com,Female,20.229.62.92
637,Bernardina,Lavielle,blavielleho@abc.net.au,Female,223.187.134.100
638,Waldemar,Vondra,wvondrahp@mayoclinic.com,Male,63.203.139.13
639,Lorry,Tresvina,ltresvinahq@sohu.com,Female,183.230.26.26
640,Cesya,L' Estrange,clestrangehr@gov.uk,Female,212.132.10.13
641,Gabriel,McGarrahan,gmcgarrahanhs@fda.gov,Male,254.185.201.134
642,Kamilah,Kayzer,kkayzerht@weebly.com,Female,186.243.169.130
643,Zorana,Pudan,zpudanhu@imdb.com,Female,32.197.75.4
644,Jeffie,Waldock,jwaldockhv@yolasite.com,Male,31.171.37.252
645,Any,Keays,akeayshw@washingtonpost.com,Male,127.115.239.82
646,Wyndham,Arundell,warundellhx@sun.com,Male,203.147.154.195
647,Gladi,Castellucci,gcastelluccihy@newyorker.com,Female,255.172.40.236
648,Jodie,Keddle,jkeddlehz@yellowpages.com,Male,161.56.103.48
649,Babara,Gatward,bgatwardi0@xrea.com,Female,93.83.133.43
650,Costanza,Plitz,cplitzi1@psu.edu,Female,255.174.84.189
651,Glen,Cannop,gcannopi2@dyndns.org,Female,64.110.27.195
652,Brandon,Austick,bausticki3@meetup.com,Genderfluid,74.240.160.9
653,Gannon,O'Giany,gogianyi4@purevolume.com,Male,240.113.26.46
654,Wald,Ferson,wfersoni5@360.cn,Male,250.153.212.149
655,Itch,Mandrake,imandrakei6@boston.com,Male,71.132.155.206
656,Tore,Wellman,twellmani7@ed.gov,Male,51.234.49.12
657,Ulrikaumeko,Callaway,ucallawayi8@amazon.de,Female,40.114.1.65
658,Kelsi,Lindenboim,klindenboimi9@diigo.com,Female,99.157.129.202
659,Lesley,Verry,lverryia@ycombinator.com,Female,97.209.95.74
660,Amalea,Fairnie,afairnieib@reddit.com,Non-binary,87.226.190.144
661,Shurwood,Shermore,sshermoreic@php.net,Male,212.122.187.166
662,Bond,Noone,bnooneid@telegraph.co.uk,Male,29.123.103.101
663,Justis,Marquiss,jmarquissie@npr.org,Male,93.113.192.193
664,Corby,Turley,cturleyif@army.mil,Male,96.154.128.118
665,Jeramie,Frohock,jfrohockig@list-manage.com,Male,72.199.120.62
666,Noach,Eouzan,neouzanih@posterous.com,Male,68.102.193.227
667,Brietta,Goodship,bgoodshipii@businessinsider.com,Female,204.18.85.121
668,Carlie,Easey,ceaseyij@fema.gov,Male,50.64.167.171
669,Corrine,Treswell,ctreswellik@pcworld.com,Female,120.60.61.49
670,Lawton,Witson,lwitsonil@sun.com,Male,126.184.161.193
671,Lorita,Chalke,lchalkeim@shop-pro.jp,Female,88.85.205.136
672,Kain,Whitmore,kwhitmorein@ucla.edu,Male,237.182.36.20
673,Rycca,Gurko,rgurkoio@hc360.com,Female,133.92.77.33
674,Cordell,Trawin,ctrawinip@devhub.com,Male,9.136.219.17
675,Milli,Pregel,mpregeliq@symantec.com,Female,153.38.150.60
676,Rolph,Scholer,rscholerir@google.co.uk,Male,221.163.189.243
677,Sheila,Landor,slandoris@merriam-webster.com,Female,224.83.240.153
678,Mycah,Reynold,mreynoldit@globo.com,Male,185.78.177.122
679,Cassondra,Norquay,cnorquayiu@bloomberg.com,Female,176.185.30.163
680,Paolina,Bidder,pbidderiv@prweb.com,Female,115.145.255.239
681,Sonja,L' Anglois,slangloisiw@cornell.edu,Female,175.2.38.215
682,Matthiew,Cominetti,mcominettiix@buzzfeed.com,Male,204.114.77.174
683,Mick,Jenks,mjenksiy@people.com.cn,Male,11.217.164.74
684,Marice,Mc Gorley,mmcgorleyiz@statcounter.com,Female,188.178.213.201
685,Celeste,Yerrill,cyerrillj0@yale.edu,Female,165.122.77.37
686,Darsie,Taber,dtaberj1@etsy.com,Female,255.158.205.102
687,Althea,Moncarr,amoncarrj2@reddit.com,Female,128.203.111.134
688,Dwight,Hurich,dhurichj3@taobao.com,Male,133.129.237.45
689,Melonie,Churchill,mchurchillj4@altervista.org,Female,95.49.157.218
690,Welch,Annes,wannesj5@bloglovin.com,Male,113.78.213.237
691,Ethe,Jeroch,ejerochj6@wikispaces.com,Male,222.234.2.51
692,Grace,Bodycomb,gbodycombj7@globo.com,Female,194.199.172.19
693,Ad,Haylands,ahaylandsj8@furl.net,Male,188.226.173.124
694,Avictor,Edmed,aedmedj9@tuttocitta.it,Genderfluid,213.66.201.11
695,Saunderson,Buttner,sbuttnerja@issuu.com,Male,209.50.30.69
696,Reagen,Stirtle,rstirtlejb@ocn.ne.jp,Bigender,26.1.165.62
697,Zilvia,Castro,zcastrojc@nationalgeographic.com,Female,40.234.78.119
698,Hobey,Bodega,hbodegajd@youku.com,Male,19.190.144.64
699,Orlan,Jamme,ojammeje@google.it,Male,174.194.27.191
700,Emmerich,Manners,emannersjf@so-net.ne.jp,Male,36.208.254.157
701,Andras,Hiseman,ahisemanjg@springer.com,Male,147.60.208.153
702,Donnie,ducarme,dducarmejh@seattletimes.com,Male,187.17.195.124
703,Maren,Bourdice,mbourdiceji@furl.net,Female,228.147.9.203
704,Brady,Schwerin,bschwerinjj@xing.com,Male,100.118.12.124
705,Yale,Bolens,ybolensjk@wisc.edu,Male,124.247.153.165
706,Nadeen,Weller,nwellerjl@army.mil,Female,20.98.77.161
707,Richmound,Josland,rjoslandjm@flavors.me,Agender,169.200.18.79
708,Dmitri,Le Breton De La Vieuville,dlebretondelavieuvillejn@dailymail.co.uk,Male,191.63.166.191
709,Paulo,McNaught,pmcnaughtjo@tinypic.com,Male,190.193.91.28
710,Emmaline,Velden,eveldenjp@skype.com,Bigender,25.87.181.211
711,Natale,Ivery,niveryjq@yale.edu,Male,208.174.88.220
712,Arabel,Lafond,alafondjr@boston.com,Polygender,148.20.224.166
713,Shepherd,Pawden,spawdenjs@webnode.com,Male,211.102.199.64
714,Meredith,Caddens,mcaddensjt@pbs.org,Male,1.175.156.147
715,Richardo,Spurden,rspurdenju@ameblo.jp,Male,135.147.200.240
716,Christoper,Josebury,cjoseburyjv@wikipedia.org,Male,24.205.39.167
717,Marcellina,Clemenza,mclemenzajw@hibu.com,Female,154.58.75.33
718,Kirsten,Iacobini,kiacobinijx@msu.edu,Female,250.0.108.135
719,Glenna,Bartalin,gbartalinjy@360.cn,Female,160.164.113.55
720,Fernando,Teresi,fteresijz@i2i.jp,Male,122.254.42.99
721,Tasia,Colloff,tcolloffk0@hubpages.com,Female,196.24.198.141
722,Blane,Layburn,blayburnk1@upenn.edu,Male,34.237.229.94
723,Mil,Mathey,mmatheyk2@samsung.com,Female,37.67.243.225
724,Jamaal,Hugli,jhuglik3@cocolog-nifty.com,Male,69.99.91.209
725,Brooke,Czaja,bczajak4@bloomberg.com,Bigender,157.223.252.251
726,Rey,Tingly,rtinglyk5@smh.com.au,Male,20.187.6.64
727,Traver,Lyfe,tlyfek6@epa.gov,Male,91.201.97.89
728,Dixie,Gouldeby,dgouldebyk7@economist.com,Polygender,79.185.144.87
729,Jimmie,Woltman,jwoltmank8@quantcast.com,Male,17.144.88.232
730,Morley,Boeter,mboeterk9@foxnews.com,Male,175.106.35.184
731,Abby,O'Mullaney,aomullaneyka@networkadvertising.org,Male,237.199.175.14
732,Annmarie,Migheli,amighelikb@nasa.gov,Female,169.0.29.164
733,Alis,Sturm,asturmkc@princeton.edu,Female,122.104.164.91
734,Olly,Plaunch,oplaunchkd@booking.com,Male,102.41.100.189
735,Yankee,Cuerdale,ycuerdaleke@google.it,Male,143.211.137.73
736,Lesya,Alton,laltonkf@ucla.edu,Female,229.65.177.111
737,Barbey,Sporton,bsportonkg@flickr.com,Genderfluid,158.58.37.122
738,George,Kinch,gkinchkh@usda.gov,Male,75.179.174.143
739,Sarge,Swate,sswateki@g.co,Male,51.82.226.118
740,Myra,Pashbee,mpashbeekj@newsvine.com,Genderqueer,255.176.139.246
741,Christye,Dreakin,cdreakinkk@apache.org,Non-binary,113.5.103.197
742,Sibyl,Franklyn,sfranklynkl@hugedomains.com,Male,114.140.169.141
743,Calvin,Dabbes,cdabbeskm@utexas.edu,Male,204.254.198.78
744,Davita,Llop,dllopkn@alibaba.com,Female,13.84.78.69
745,Aland,Jancey,ajanceyko@cbc.ca,Male,72.107.91.42
746,Hyacintha,Longbothom,hlongbothomkp@foxnews.com,Female,38.19.53.191
747,Lilith,Klimushev,lklimushevkq@51.la,Female,30.233.19.145
748,Keen,Vallow,kvallowkr@nba.com,Male,137.228.159.227
749,Inger,Wastall,iwastallks@ameblo.jp,Male,158.252.171.61
750,Mitzi,Ferrulli,mferrullikt@homestead.com,Female,91.140.72.126
751,Kaiser,Cully,kcullyku@spotify.com,Male,106.190.131.177
752,Israel,Luesley,iluesleykv@go.com,Male,47.192.133.163
753,Branden,Hundall,bhundallkw@accuweather.com,Genderqueer,24.37.163.237
754,Windham,Hugonin,whugoninkx@weibo.com,Male,39.18.208.150
755,Iorgo,Ply,iplyky@surveymonkey.com,Male,20.149.177.223
756,Elsbeth,De Giorgio,edegiorgiokz@psu.edu,Female,167.251.160.13
757,Lori,McTrusty,lmctrustyl0@engadget.com,Female,124.22.154.228
758,Tera,Varnals,tvarnalsl1@youku.com,Female,195.139.229.58
759,Elfrida,Gumery,egumeryl2@yandex.ru,Female,150.162.173.201
760,Sebastiano,Baptist,sbaptistl3@ftc.gov,Male,31.181.2.230
761,Nichol,Farrall,nfarralll4@samsung.com,Female,33.238.173.85
762,Joly,McShea,jmcsheal5@salon.com,Female,227.81.220.23
763,Peyter,Peatheyjohns,ppeatheyjohnsl6@arstechnica.com,Male,157.202.159.59
764,Doralynne,Pilmore,dpilmorel7@purevolume.com,Female,31.9.34.28
765,Rickie,Goff,rgoffl8@prlog.org,Male,52.228.143.223
766,Bartlet,Fleming,bflemingl9@arizona.edu,Male,36.193.182.59
767,Ermentrude,Gaskarth,egaskarthla@ucla.edu,Female,70.60.131.232
768,Gibby,McKimmey,gmckimmeylb@springer.com,Male,209.40.235.162
769,Edsel,Woltering,ewolteringlc@phpbb.com,Male,91.186.124.147
770,Inez,Tarbath,itarbathld@cbslocal.com,Female,70.216.239.199
771,Lulita,Loadwick,lloadwickle@a8.net,Female,190.199.107.242
772,Filmore,Greet,fgreetlf@uol.com.br,Male,126.50.12.249
773,Brinna,Steel,bsteellg@gizmodo.com,Female,205.253.48.147
774,Ariel,Corradino,acorradinolh@loc.gov,Male,241.242.27.82
775,Robbert,Houlton,rhoultonli@forbes.com,Male,27.41.56.46
776,Jere,Wilson,jwilsonlj@intel.com,Bigender,144.212.80.223
777,Abba,Paragreen,aparagreenlk@reference.com,Non-binary,4.150.41.185
778,Ezmeralda,Skone,eskonell@smh.com.au,Female,3.79.190.197
779,Elvin,Badwick,ebadwicklm@time.com,Non-binary,38.169.233.197
780,Prudence,Trulock,ptrulockln@opensource.org,Female,186.20.42.129
781,Dacey,Raylton,drayltonlo@photobucket.com,Female,67.22.123.166
782,Haslett,Doring,hdoringlp@trellian.com,Male,149.51.63.61
783,Rand,Bohlin,rbohlinlq@dailymotion.com,Male,165.41.9.78
784,Myca,Urlin,murlinlr@ihg.com,Male,196.65.160.21
785,Wash,Gommes,wgommesls@theglobeandmail.com,Male,105.152.181.38
786,Hunt,Pennone,hpennonelt@umn.edu,Male,154.164.214.162
787,Nobe,Belvard,nbelvardlu@wufoo.com,Agender,155.50.175.135
788,Lorri,Hrihorovich,lhrihorovichlv@psu.edu,Genderfluid,19.71.126.161
789,Yasmeen,Swinnerton,yswinnertonlw@twitpic.com,Female,130.141.103.181
790,Tades,Starkings,tstarkingslx@digg.com,Male,194.112.208.200
791,Aurelia,Wyllt,awylltly@hp.com,Female,253.137.13.43
792,Lee,Tremoulet,ltremouletlz@4shared.com,Genderfluid,201.112.232.187
793,Maris,Hakes,mhakesm0@chicagotribune.com,Female,251.237.130.227
794,Rochella,Le Barr,rlebarrm1@webnode.com,Female,79.196.136.219
795,Ardelle,Tinan,atinanm2@timesonline.co.uk,Female,142.177.31.82
796,Gilligan,Pickless,gpicklessm3@google.de,Female,2.204.145.182
797,Kimberlee,Grimsdell,kgrimsdellm4@cpanel.net,Female,178.236.209.187
798,Ciel,Dizlie,cdizliem5@auda.org.au,Female,18.89.100.165
799,Myrwyn,Vockins,mvockinsm6@skype.com,Male,58.41.237.238
800,Olga,Loudon,oloudonm7@bloglovin.com,Female,58.170.13.236
801,Tildie,Wrout,twroutm8@fotki.com,Female,231.139.50.89
802,Standford,Isakovitch,sisakovitchm9@quantcast.com,Male,237.253.35.217
803,Emmalyn,Kinsman,ekinsmanma@bbc.co.uk,Female,60.35.76.9
804,Ingram,Foad,ifoadmb@fastcompany.com,Male,64.2.255.209
805,Arri,Boxhall,aboxhallmc@ameblo.jp,Male,65.113.112.175
806,Kristan,Spanton,kspantonmd@ibm.com,Female,242.167.174.14
807,Antonella,Mathieu,amathieume@cbslocal.com,Genderqueer,112.91.16.20
808,Cloris,Kays,ckaysmf@gnu.org,Female,204.54.164.77
809,Sher,Pinnion,spinnionmg@slideshare.net,Female,154.127.30.102
810,Myles,Sandwick,msandwickmh@newsvine.com,Genderfluid,234.46.137.192
811,Alwyn,Cunnell,acunnellmi@reference.com,Male,165.57.81.65
812,Lilllie,Whissell,lwhissellmj@archive.org,Female,159.6.197.144
813,Frankie,Bader,fbadermk@yellowbook.com,Male,49.153.17.209
814,Hoebart,Delos,hdelosml@livejournal.com,Male,190.141.176.102
815,Eadith,Barabich,ebarabichmm@bigcartel.com,Female,35.41.99.61
816,Kasper,Jopson,kjopsonmn@tiny.cc,Male,6.89.27.252
817,Lurette,Titheridge,ltitheridgemo@multiply.com,Female,39.196.32.246
818,Rolando,Hensmans,rhensmansmp@yellowpages.com,Male,178.178.45.174
819,Ebeneser,Capozzi,ecapozzimq@wp.com,Male,178.10.83.83
820,Izabel,Dallewater,idallewatermr@bravesites.com,Female,187.138.160.254
821,Aharon,Rous,arousms@indiegogo.com,Male,17.104.198.179
822,Kip,Limon,klimonmt@bbc.co.uk,Female,2.59.96.126
823,Blaine,Mousdall,bmousdallmu@nymag.com,Male,88.81.246.157
824,Jane,Ticksall,jticksallmv@360.cn,Female,228.195.62.194
825,Abby,Mannion,amannionmw@goo.ne.jp,Male,85.138.233.10
826,Leonardo,Bonnin,lbonninmx@ebay.co.uk,Male,122.59.161.99
827,Milicent,Accum,maccummy@hc360.com,Polygender,31.95.131.102
828,Sybilla,Kermit,skermitmz@google.com.br,Female,80.247.236.90
829,Stearne,Cave,scaven0@telegraph.co.uk,Male,55.217.237.56
830,Constantina,Siggers,csiggersn1@hugedomains.com,Female,138.51.176.225
831,Evonne,Newcombe,enewcomben2@hc360.com,Female,31.100.61.115
832,Fabian,Vaskin,fvaskinn3@noaa.gov,Male,193.206.196.217
833,Jens,Josifovic,jjosifovicn4@technorati.com,Male,9.4.84.243
834,Tremain,Vigours,tvigoursn5@prlog.org,Bigender,135.181.46.221
835,Tonye,Woodrup,twoodrupn6@shareasale.com,Female,56.78.39.235
836,Artair,Olyonov,aolyonovn7@fc2.com,Male,208.7.112.89
837,Ludwig,Sigsworth,lsigsworthn8@qq.com,Male,81.240.188.187
838,Correna,Stern,csternn9@wix.com,Female,191.247.60.83
839,Stefan,Wildgoose,swildgoosena@histats.com,Male,169.208.40.10
840,Rudiger,Auty,rautynb@dagondesign.com,Male,160.186.74.145
841,Reyna,Broad,rbroadnc@economist.com,Female,80.60.66.186
842,Roman,Faiers,rfaiersnd@redcross.org,Male,100.234.239.26
843,Ketty,Kilbourn,kkilbournne@discuz.net,Female,57.21.105.97
844,Boycey,Fothergill,bfothergillnf@e-recht24.de,Male,112.239.217.28
845,June,Louden,jloudenng@booking.com,Female,131.20.136.109
846,Lind,Dodgshun,ldodgshunnh@artisteer.com,Female,17.224.181.125
847,Cami,Maydway,cmaydwayni@oaic.gov.au,Female,84.171.30.70
848,Lindy,Dossit,ldossitnj@w3.org,Female,76.57.20.147
849,Welby,Khan,wkhannk@g.co,Male,234.228.220.106
850,Wanids,Gorling,wgorlingnl@behance.net,Female,59.173.15.150
851,Floris,Le Claire,fleclairenm@yahoo.com,Female,222.74.97.141
852,Shep,MacCaughey,smaccaugheynn@macromedia.com,Male,26.197.118.40
853,Jeannette,Waghorn,jwaghornno@ameblo.jp,Genderfluid,255.154.57.113
854,Mackenzie,Pindar,mpindarnp@kickstarter.com,Genderqueer,198.153.61.29
855,Dore,Boultwood,dboultwoodnq@cyberchimps.com,Female,7.222.3.193
856,Deane,Kinvig,dkinvignr@acquirethisname.com,Male,37.231.46.216
857,Phylys,Alessandrini,palessandrinins@ed.gov,Female,234.155.188.178
858,Lowell,Giffon,lgiffonnt@tmall.com,Male,52.23.43.85
859,Erna,Sorsby,esorsbynu@scribd.com,Female,167.249.96.124
860,Petra,Cookley,pcookleynv@behance.net,Female,95.107.147.233
861,Jacinda,Praten,jpratennw@4shared.com,Female,66.31.104.54
862,Westbrook,Loddy,wloddynx@spiegel.de,Male,181.183.28.16
863,Reggy,Skeldinge,rskeldingeny@google.nl,Male,226.70.26.93
864,Garv,Kitto,gkittonz@toplist.cz,Male,240.135.218.180
865,Rois,Duesberry,rduesberryo0@rakuten.co.jp,Agender,174.2.73.196
866,Allene,Blamire,ablamireo1@linkedin.com,Female,69.158.63.0
867,Kym,Fosdyke,kfosdykeo2@google.ca,Female,17.161.102.202
868,Irvin,Bahia,ibahiao3@trellian.com,Male,155.43.102.93
869,Wilmar,Rewcastle,wrewcastleo4@netlog.com,Male,82.226.10.246
870,Danya,Middell,dmiddello5@cbc.ca,Male,105.217.245.25
871,Gwenny,McGrorty,gmcgrortyo6@imdb.com,Genderqueer,170.107.5.138
872,Phillipe,Tatnell,ptatnello7@reuters.com,Genderfluid,31.171.2.125
873,Atlanta,Whetson,awhetsono8@bing.com,Female,230.108.59.159
874,Ashlen,Overal,aoveralo9@wix.com,Bigender,37.118.232.138
875,Ricky,Marieton,rmarietonoa@cdbaby.com,Male,86.57.119.15
876,Gerrilee,Klimentyonok,gklimentyonokob@toplist.cz,Female,18.31.203.70
877,Katerina,Kuhnt,kkuhntoc@epa.gov,Female,203.46.72.80
878,Lelia,Ayto,laytood@google.com,Female,252.155.170.21
879,Darin,Winslett,dwinslettoe@de.vu,Male,37.174.28.14
880,Denice,Ebbetts,debbettsof@booking.com,Female,11.41.84.209
881,Marilin,Kermannes,mkermannesog@wunderground.com,Female,249.107.18.88
882,Ole,Arckoll,oarckolloh@chron.com,Male,217.225.239.90
883,Jacquenetta,Glencorse,jglencorseoi@squarespace.com,Female,108.107.225.163
884,Yovonnda,Abethell,yabethelloj@pagesperso-orange.fr,Female,44.229.237.28
885,Casper,Gorcke,cgorckeok@reverbnation.com,Male,136.113.85.219
886,Yanaton,Piken,ypikenol@posterous.com,Male,49.204.146.243
887,Rebbecca,Drewet,rdrewetom@spiegel.de,Bigender,74.164.179.139
888,Ingeberg,Nenci,inencion@webnode.com,Female,28.183.2.35
889,Tomkin,Byrcher,tbyrcheroo@shareasale.com,Male,139.159.77.71
890,Egbert,Mullany,emullanyop@ftc.gov,Genderqueer,118.12.15.106
891,Bliss,holmes,bholmesoq@imageshack.us,Female,161.99.89.121
892,Dougy,Sneesby,dsneesbyor@plala.or.jp,Genderqueer,128.2.152.14
893,Roger,Buick,rbuickos@va.gov,Male,72.238.107.54
894,Aubrie,Silverson,asilversonot@tumblr.com,Female,22.15.90.143
895,Joy,Bernardeau,jbernardeauou@creativecommons.org,Female,238.151.19.182
896,Stefania,Linde,slindeov@newyorker.com,Female,103.107.196.59
897,Perry,Rutherfoord,prutherfoordow@census.gov,Male,59.26.109.222
898,Shelly,Shadfourth,sshadfourthox@nymag.com,Female,192.13.149.97
899,Ebeneser,McCerery,emccereryoy@unblog.fr,Male,242.57.33.33
900,Cyrille,Leynton,cleyntonoz@wordpress.org,Male,60.23.6.50
901,Maddalena,Kamall,mkamallp0@nih.gov,Female,59.150.178.59
902,Alyosha,Tingle,atinglep1@huffingtonpost.com,Male,77.199.49.233
903,Theo,Whitbread,twhitbreadp2@cbsnews.com,Female,194.15.32.100
904,Godart,Chazotte,gchazottep3@virginia.edu,Male,34.239.20.22
905,Brion,Jirka,bjirkap4@webnode.com,Male,0.185.241.111
906,Ada,Comford,acomfordp5@ucoz.ru,Female,251.78.115.90
907,Lari,Taggerty,ltaggertyp6@amazon.co.jp,Female,247.80.62.244
908,Neddie,Tissington,ntissingtonp7@uiuc.edu,Male,133.6.205.230
909,Vilhelmina,Tokell,vtokellp8@shinystat.com,Female,188.71.54.109
910,Lucretia,Govinlock,lgovinlockp9@w3.org,Female,245.54.100.189
911,Theodoric,McMyler,tmcmylerpa@techcrunch.com,Male,128.171.89.104
912,Adrian,Brewer,abrewerpb@google.es,Male,84.241.63.31
913,Kendricks,Giffon,kgiffonpc@unicef.org,Male,2.44.29.106
914,Angie,Camilleri,acamilleripd@homestead.com,Male,158.40.7.121
915,Fedora,Petrusch,fpetruschpe@salon.com,Female,249.96.154.203
916,Minda,Trobe,mtrobepf@gnu.org,Female,122.64.100.207
917,Martelle,Boynton,mboyntonpg@europa.eu,Female,68.160.197.133
918,Ermengarde,Toward,etowardph@ycombinator.com,Female,56.238.202.25
919,Skelly,Nannini,snanninipi@ameblo.jp,Male,201.93.188.70
920,Geno,Mathers,gmatherspj@intel.com,Genderqueer,246.130.236.111
921,Ardis,Belleny,abellenypk@clickbank.net,Female,130.69.134.71
922,Cecilio,Retter,cretterpl@cnn.com,Male,186.147.108.106
923,Odelle,Jekel,ojekelpm@tripadvisor.com,Female,211.219.20.43
924,Nanine,Gerrill,ngerrillpn@ovh.net,Female,177.209.195.63
925,Shepperd,Murty,smurtypo@sakura.ne.jp,Male,81.143.141.44
926,Fleming,Bishop,fbishoppp@technorati.com,Male,39.40.81.214
927,Velma,Veschambre,vveschambrepq@mit.edu,Female,225.167.221.198
928,Carley,Bunstone,cbunstonepr@cloudflare.com,Female,40.186.95.91
929,Ilsa,Doughartie,idoughartieps@soundcloud.com,Female,164.80.48.127
930,Kahaleel,Pingston,kpingstonpt@wisc.edu,Male,150.210.122.58
931,Vittorio,Danelut,vdanelutpu@list-manage.com,Male,145.235.70.83
932,Brett,Ebbetts,bebbettspv@symantec.com,Female,56.225.92.125
933,Maxi,Moppett,mmoppettpw@instagram.com,Female,131.109.57.149
934,Shepperd,Brogan,sbroganpx@dailymail.co.uk,Male,39.135.153.4
935,Cliff,Leachman,cleachmanpy@auda.org.au,Male,136.109.13.214
936,Cynde,Haly,chalypz@hexun.com,Female,83.87.167.240
937,Terrye,Briddle,tbriddleq0@wp.com,Female,156.191.34.56
938,Reagan,Tomek,rtomekq1@hhs.gov,Male,65.141.65.18
939,Lowrance,Perren,lperrenq2@tinyurl.com,Genderqueer,101.56.128.120
940,Johnna,Pechan,jpechanq3@usnews.com,Female,253.4.240.233
941,Kira,Sheers,ksheersq4@sitemeter.com,Non-binary,251.104.148.44
942,Audrie,Sykora,asykoraq5@indiatimes.com,Non-binary,171.164.240.37
943,Keeley,Dunaway,kdunawayq6@noaa.gov,Female,163.204.181.209
944,Christian,Botton,cbottonq7@amazonaws.com,Female,194.114.255.68
945,Jamaal,Durbann,jdurbannq8@chron.com,Male,73.128.90.206
946,Courtnay,Wressell,cwressellq9@europa.eu,Male,122.176.229.247
947,Urbain,McGloughlin,umcgloughlinqa@1und1.de,Male,180.63.198.177
948,Valeda,Nealand,vnealandqb@ask.com,Genderfluid,181.220.13.131
949,Demetrius,Cominetti,dcominettiqc@nsw.gov.au,Male,242.13.39.172
950,Demetri,Verheyden,dverheydenqd@state.tx.us,Male,113.63.254.124
951,Guglielma,Highman,ghighmanqe@lulu.com,Agender,244.65.191.109
952,Berrie,Norris,bnorrisqf@lulu.com,Female,165.3.242.151
953,Dew,Pinchbeck,dpinchbeckqg@xing.com,Male,189.58.35.137
954,Zaria,Aupol,zaupolqh@photobucket.com,Female,126.150.138.245
955,Armin,Piechnik,apiechnikqi@4shared.com,Male,53.49.176.0
956,Abdul,Tapton,ataptonqj@gov.uk,Male,64.105.151.11
957,Tamara,Apfelmann,tapfelmannqk@wikipedia.org,Female,79.9.171.212
958,Xavier,Kinnon,xkinnonql@ocn.ne.jp,Male,55.104.74.143
959,Merrilee,Boothman,mboothmanqm@youku.com,Female,205.177.193.240
960,Jerome,Billinge,jbillingeqn@t.co,Male,77.211.252.189
961,Abigale,Kealey,akealeyqo@fema.gov,Female,211.71.249.253
962,Harli,Smalecombe,hsmalecombeqp@phpbb.com,Female,53.29.150.135
963,Whittaker,Barthelet,wbartheletqq@mlb.com,Male,199.210.29.181
964,Monty,Wiszniewski,mwiszniewskiqr@pen.io,Male,238.92.98.132
965,Chick,Fissenden,cfissendenqs@hostgator.com,Male,82.77.210.236
966,Amara,Hyman,ahymanqt@abc.net.au,Polygender,79.99.223.231
967,Lora,Higounet,lhigounetqu@google.de,Female,122.73.141.244
968,Pembroke,Vernazza,pvernazzaqv@npr.org,Male,163.163.231.78
969,Joshuah,Yarn,jyarnqw@soundcloud.com,Genderqueer,255.115.166.80
970,Dougy,Richardt,drichardtqx@histats.com,Male,246.108.171.44
971,Rowen,Goodwell,rgoodwellqy@istockphoto.com,Male,180.161.45.58
972,Ronnie,Dominichelli,rdominichelliqz@liveinternet.ru,Male,206.54.32.63
973,Minne,Barritt,mbarrittr0@tiny.cc,Female,177.161.147.146
974,Bartolemo,Seyffert,bseyffertr1@acquirethisname.com,Male,82.206.223.167
975,Sax,Theakston,stheakstonr2@umn.edu,Male,155.187.37.188
976,Maris,Ciubutaro,mciubutaror3@friendfeed.com,Female,127.54.173.162
977,Isaac,De Michetti,idemichettir4@networkadvertising.org,Genderqueer,29.112.120.142
978,Philipa,Goeff,pgoeffr5@fema.gov,Female,154.157.145.42
979,Adelice,Fildery,afilderyr6@berkeley.edu,Female,65.86.132.122
980,Meta,Mangeney,mmangeneyr7@livejournal.com,Female,110.109.25.12
981,Yvon,Hughf,yhughfr8@technorati.com,Male,180.66.136.17
982,Tatiana,Fruser,tfruserr9@aboutads.info,Female,242.157.81.211
983,Roarke,Fraine,rfrainera@google.fr,Agender,116.29.244.22
984,Alessandra,Lishmund,alishmundrb@fc2.com,Female,29.46.138.198
985,Livvie,Beaze,lbeazerc@ezinearticles.com,Female,249.228.13.162
986,Ingmar,Tailour,itailourrd@dion.ne.jp,Male,23.48.139.108
987,Ricardo,Chasteney,rchasteneyre@sina.com.cn,Male,127.78.234.118
988,Blake,Bourhill,bbourhillrf@opensource.org,Agender,9.118.211.148
989,Alexandre,Drayn,adraynrg@adobe.com,Male,131.214.187.170
990,Izzy,Acors,iacorsrh@howstuffworks.com,Male,125.195.58.115
991,Trent,Baylis,tbaylisri@networksolutions.com,Male,94.228.86.219
992,Rycca,Ibeson,ribesonrj@list-manage.com,Female,184.209.169.55
993,Cara,Handling,chandlingrk@php.net,Female,1.178.39.88
994,Orin,Chason,ochasonrl@ft.com,Male,139.25.134.45
995,Tudor,Wandtke,twandtkerm@deviantart.com,Male,37.176.37.197
996,Patrica,Meineck,pmeineckrn@sphinn.com,Genderqueer,64.4.147.255
997,Mersey,Arnell,marnellro@irs.gov,Female,116.156.228.205
998,Gloriane,Bawles,gbawlesrp@wordpress.com,Female,196.217.79.35
999,Cyndy,MacKereth,cmackerethrq@studiopress.com,Female,14.182.81.99
1000,Nestor,Hartopp,nhartopprr@merriam-webster.com,Male,186.159.219.176
